county_fips,county_name,state_fips,balancing_area,rto
01001,Autauga,01,p90,rto9
01003,Baldwin,01,p90,rto9
01005,Barbour,01,p90,rto9
01007,Bibb,01,p89,rto14
01009,Blount,01,p90,rto9
01011,Bullock,01,p90,rto9
01013,Butler,01,p90,rto9
01015,Calhoun,01,p90,rto9
01017,Chambers,01,p90,rto9
01019,Cherokee,01,p90,rto9
01021,Chilton,01,p90,rto9
01023,Choctaw,01,p89,rto14
01025,Clarke,01,p90,rto9
01027,Clay,01,p90,rto9
01029,Cleburne,01,p90,rto9
01031,Coffee,01,p90,rto9
01033,Colbert,01,p89,rto14
01035,Conecuh,01,p90,rto9
01037,Coosa,01,p90,rto9
01039,Covington,01,p90,rto9
01041,Crenshaw,01,p90,rto9
01043,Cullman,01,p89,rto14
01045,Dale,01,p90,rto9
01047,Dallas,01,p90,rto9
01049,DeKalb,01,p89,rto14
01051,Elmore,01,p90,rto9
01053,Escambia,01,p90,rto9
01055,Etowah,01,p90,rto9
01057,Fayette,01,p89,rto14
01059,Franklin,01,p89,rto14
01061,Geneva,01,p90,rto9
01063,Greene,01,p89,rto14
01065,Hale,01,p89,rto14
01067,Henry,01,p90,rto9
01069,Houston,01,p90,rto9
01071,Jackson,01,p89,rto14
01073,Jefferson,01,p89,rto14
01075,Lamar,01,p89,rto14
01077,Lauderdale,01,p89,rto14
01079,Lawrence,01,p89,rto14
01081,Lee,01,p90,rto9
01083,Limestone,01,p89,rto14
01085,Lowndes,01,p90,rto9
01087,Macon,01,p90,rto9
01089,Madison,01,p89,rto14
01091,Marengo,01,p89,rto14
01093,Marion,01,p89,rto14
01095,Marshall,01,p89,rto14
01097,Mobile,01,p90,rto9
01099,Monroe,01,p90,rto9
01101,Montgomery,01,p90,rto9
01103,Morgan,01,p89,rto14
01105,Perry,01,p89,rto14
01107,Pickens,01,p89,rto14
01109,Pike,01,p90,rto9
01111,Randolph,01,p90,rto9
01113,Russell,01,p90,rto9
01115,St. Clair,01,p90,rto9
01117,Shelby,01,p89,rto14
01119,Sumter,01,p89,rto14
01121,Talladega,01,p90,rto9
01123,Tallapoosa,01,p90,rto9
01125,Tuscaloosa,01,p89,rto14
01127,Walker,01,p89,rto14
01129,Washington,01,p90,rto9
01131,Wilcox,01,p89,rto14
01133,Winston,01,p89,rto14
02013,Aleutians East,02,NONE,
02016,Aleutians West,02,NONE,
02020,Anchorage,02,NONE,
02050,Bethel,02,NONE,
02060,Bristol Bay,02,NONE,
02068,Denali,02,NONE,
02070,Dillingham,02,NONE,
02090,Fairbanks North Star,02,NONE,
02100,Haines,02,NONE,
02105,Hoonah-Angoon,02,NONE,
02110,Juneau,02,NONE,
02122,Kenai Peninsula,02,NONE,
02130,Ketchikan Gateway,02,NONE,
02150,Kodiak Island,02,NONE,
02158,Kusilvak,02,NONE,
02164,Lake and Peninsula,02,NONE,
02170,Matanuska-Susitna,02,NONE,
02180,Nome,02,NONE,
02185,North Slope,02,NONE,
02188,Northwest Arctic,02,NONE,
02195,Petersburg,02,NONE,
02198,Prince of Wales-Hyder,02,NONE,
02220,Sitka,02,NONE,
02230,Skagway,02,NONE,
02240,Southeast Fairbanks,02,NONE,
02261,Valdez-Cordova,02,NONE,
02275,Wrangell,02,NONE,
02282,Yakutat,02,NONE,
02290,Yukon-Koyukuk,02,NONE,
04001,Apache,04,p29,rto3
04003,Cochise,04,p28,rto3
04005,Coconino,04,p28,rto3
04007,Gila,04,p28,rto3
04009,Graham,04,p28,rto3
04011,Greenlee,04,p28,rto3
04012,La Paz,04,p28,rto3
04013,Maricopa,04,p28,rto3
04015,Mohave,04,p27,rto3
04017,Navajo,04,p28,rto3
04019,Pima,04,p30,rto3
04021,Pinal,04,p28,rto3
04023,Santa Cruz,04,p30,rto3
04025,Yavapai,04,p28,rto3
04027,Yuma,04,p28,rto3
05001,Arkansas,05,p85,rto13
05003,Ashley,05,p85,rto13
05005,Baxter,05,p85,rto13
05007,Benton,05,p56,rto8
05009,Boone,05,p56,rto8
05011,Bradley,05,p85,rto13
05013,Calhoun,05,p85,rto13
05015,Carroll,05,p56,rto8
05017,Chicot,05,p85,rto13
05019,Clark,05,p85,rto13
05021,Clay,05,p85,rto13
05023,Cleburne,05,p56,rto8
05025,Cleveland,05,p85,rto13
05027,Columbia,05,p85,rto13
05029,Conway,05,p85,rto13
05031,Craighead,05,p85,rto13
05033,Crawford,05,p56,rto8
05035,Crittenden,05,p85,rto13
05037,Cross,05,p85,rto13
05039,Dallas,05,p85,rto13
05041,Desha,05,p85,rto13
05043,Drew,05,p85,rto13
05045,Faulkner,05,p85,rto13
05047,Franklin,05,p56,rto8
05049,Fulton,05,p85,rto13
05051,Garland,05,p85,rto13
05053,Grant,05,p85,rto13
05055,Greene,05,p85,rto13
05057,Hempstead,05,p85,rto13
05059,Hot Spring,05,p85,rto13
05061,Howard,05,p56,rto8
05063,Independence,05,p85,rto13
05065,Izard,05,p85,rto13
05067,Jackson,05,p85,rto13
05069,Jefferson,05,p85,rto13
05071,Johnson,05,p56,rto8
05073,Lafayette,05,p85,rto13
05075,Lawrence,05,p85,rto13
05077,Lee,05,p85,rto13
05079,Lincoln,05,p85,rto13
05081,Little River,05,p85,rto13
05083,Logan,05,p56,rto8
05085,Lonoke,05,p85,rto13
05087,Madison,05,p56,rto8
05089,Marion,05,p56,rto8
05091,Miller,05,p85,rto13
05093,Mississippi,05,p85,rto13
05095,Monroe,05,p85,rto13
05097,Montgomery,05,p56,rto8
05099,Nevada,05,p85,rto13
05101,Newton,05,p56,rto8
05103,Ouachita,05,p85,rto13
05105,Perry,05,p85,rto13
05107,Phillips,05,p85,rto13
05109,Pike,05,p56,rto8
05111,Poinsett,05,p85,rto13
05113,Polk,05,p56,rto8
05115,Pope,05,p85,rto13
05117,Prairie,05,p85,rto13
05119,Pulaski,05,p85,rto13
05121,Randolph,05,p85,rto13
05123,St. Francis,05,p85,rto13
05125,Saline,05,p85,rto13
05127,Scott,05,p56,rto8
05129,Searcy,05,p56,rto8
05131,Sebastian,05,p56,rto8
05133,Sevier,05,p85,rto13
05135,Sharp,05,p85,rto13
05137,Stone,05,p85,rto13
05139,Union,05,p85,rto13
05141,Van Buren,05,p56,rto8
05143,Washington,05,p56,rto8
05145,White,05,p85,rto13
05147,Woodruff,05,p85,rto13
05149,Yell,05,p85,rto13
06001,Alameda,06,p9,rto4
06003,Alpine,06,p9,rto4
06005,Amador,06,p9,rto4
06007,Butte,06,p9,rto4
06009,Calaveras,06,p9,rto4
06011,Colusa,06,p9,rto4
06013,Contra Costa,06,p9,rto4
06015,Del Norte,06,p9,rto4
06017,El Dorado,06,p9,rto4
06019,Fresno,06,p9,rto4
06021,Glenn,06,p9,rto4
06023,Humboldt,06,p9,rto4
06025,Imperial,06,p10,rto4
06027,Inyo,06,p10,rto4
06029,Kern,06,p10,rto4
06031,Kings,06,p9,rto4
06033,Lake,06,p9,rto4
06035,Lassen,06,p8,rto2
06037,Los Angeles,06,p10,rto4
06039,Madera,06,p9,rto4
06041,Marin,06,p9,rto4
06043,Mariposa,06,p9,rto4
06045,Mendocino,06,p9,rto4
06047,Merced,06,p9,rto4
06049,Modoc,06,p8,rto2
06051,Mono,06,p10,rto4
06053,Monterey,06,p9,rto4
06055,Napa,06,p9,rto4
06057,Nevada,06,p9,rto4
06059,Orange,06,p10,rto4
06061,Placer,06,p9,rto4
06063,Plumas,06,p9,rto4
06065,Riverside,06,p10,rto4
06067,Sacramento,06,p9,rto4
06069,San Benito,06,p9,rto4
06071,San Bernardino,06,p10,rto4
06073,San Diego,06,p11,rto4
06075,San Francisco,06,p9,rto4
06077,San Joaquin,06,p9,rto4
06079,San Luis Obispo,06,p9,rto4
06081,San Mateo,06,p9,rto4
06083,Santa Barbara,06,p9,rto4
06085,Santa Clara,06,p9,rto4
06087,Santa Cruz,06,p9,rto4
06089,Shasta,06,p9,rto4
06091,Sierra,06,p9,rto4
06093,Siskiyou,06,p8,rto2
06095,Solano,06,p9,rto4
06097,Sonoma,06,p9,rto4
06099,Stanislaus,06,p9,rto4
06101,Sutter,06,p9,rto4
06103,Tehama,06,p9,rto4
06105,Trinity,06,p9,rto4
06107,Tulare,06,p10,rto4
06109,Tuolumne,06,p9,rto4
06111,Ventura,06,p10,rto4
06113,Yolo,06,p9,rto4
06115,Yuba,06,p9,rto4
08001,Adams,08,p33,rto5
08003,Alamosa,08,p34,rto5
08005,Arapahoe,08,p33,rto5
08007,Archuleta,08,p34,rto5
08009,Baca,08,p34,rto5
08011,Bent,08,p34,rto5
08013,Boulder,08,p33,rto5
08014,Broomfield,08,p33,rto5
08015,Chaffee,08,p34,rto5
08017,Cheyenne,08,p34,rto5
08019,Clear Creek,08,p33,rto5
08021,Conejos,08,p34,rto5
08023,Costilla,08,p34,rto5
08025,Crowley,08,p34,rto5
08027,Custer,08,p34,rto5
08029,Delta,08,p34,rto5
08031,Denver,08,p33,rto5
08033,Dolores,08,p34,rto5
08035,Douglas,08,p33,rto5
08037,Eagle,08,p33,rto5
08039,Elbert,08,p34,rto5
08041,El Paso,08,p34,rto5
08043,Fremont,08,p34,rto5
08045,Garfield,08,p33,rto5
08047,Gilpin,08,p33,rto5
08049,Grand,08,p33,rto5
08051,Gunnison,08,p34,rto5
08053,Hinsdale,08,p34,rto5
08055,Huerfano,08,p34,rto5
08057,Jackson,08,p33,rto5
08059,Jefferson,08,p33,rto5
08061,Kiowa,08,p34,rto5
08063,Kit Carson,08,p34,rto5
08065,Lake,08,p33,rto5
08067,La Plata,08,p34,rto5
08069,Larimer,08,p33,rto5
08071,Las Animas,08,p34,rto5
08073,Lincoln,08,p34,rto5
08075,Logan,08,p33,rto5
08077,Mesa,08,p33,rto5
08079,Mineral,08,p34,rto5
08081,Moffat,08,p33,rto5
08083,Montezuma,08,p34,rto5
08085,Montrose,08,p34,rto5
08087,Morgan,08,p33,rto5
08089,Otero,08,p34,rto5
08091,Ouray,08,p34,rto5
08093,Park,08,p33,rto5
08095,Phillips,08,p33,rto5
08097,Pitkin,08,p33,rto5
08099,Prowers,08,p34,rto5
08101,Pueblo,08,p34,rto5
08103,Rio Blanco,08,p33,rto5
08105,Rio Grande,08,p34,rto5
08107,Routt,08,p33,rto5
08109,Saguache,08,p34,rto5
08111,San Juan,08,p34,rto5
08113,San Miguel,08,p34,rto5
08115,Sedgwick,08,p33,rto5
08117,Summit,08,p33,rto5
08119,Teller,08,p33,rto5
08121,Washington,08,p33,rto5
08123,Weld,08,p33,rto5
08125,Yuma,08,p33,rto5
09001,Fairfield,09,p132,rto18
09003,Hartford,09,p132,rto18
09005,Litchfield,09,p132,rto18
09007,Middlesex,09,p132,rto18
09009,New Haven,09,p132,rto18
09011,New London,09,p132,rto18
09013,Tolland,09,p132,rto18
09015,Windham,09,p132,rto18
10001,Kent,10,p125,rto12
10003,New Castle,10,p125,rto12
10005,Sussex,10,p125,rto12
11001,District of Columbia,11,p123,rto12
12001,Alachua,12,p101,rto16
12003,Baker,12,p101,rto16
12005,Bay,12,p91,rto9
12007,Bradford,12,p101,rto16
12009,Brevard,12,p102,rto16
12011,Broward,12,p102,rto16
12013,Calhoun,12,p91,rto9
12015,Charlotte,12,p101,rto16
12017,Citrus,12,p101,rto16
12019,Clay,12,p101,rto16
12021,Collier,12,p101,rto16
12023,Columbia,12,p101,rto16
12027,DeSoto,12,p101,rto16
12029,Dixie,12,p101,rto16
12031,Duval,12,p101,rto16
12033,Escambia,12,p91,rto9
12035,Flagler,12,p101,rto16
12037,Franklin,12,p101,rto16
12039,Gadsden,12,p101,rto16
12041,Gilchrist,12,p101,rto16
12043,Glades,12,p101,rto16
12045,Gulf,12,p91,rto9
12047,Hamilton,12,p101,rto16
12049,Hardee,12,p101,rto16
12051,Hendry,12,p101,rto16
12053,Hernando,12,p101,rto16
12055,Highlands,12,p101,rto16
12057,Hillsborough,12,p101,rto16
12059,Holmes,12,p91,rto9
12061,Indian River,12,p102,rto16
12063,Jackson,12,p91,rto9
12065,Jefferson,12,p101,rto16
12067,Lafayette,12,p101,rto16
12069,Lake,12,p101,rto16
12071,Lee,12,p101,rto16
12073,Leon,12,p101,rto16
12075,Levy,12,p101,rto16
12077,Liberty,12,p101,rto16
12079,Madison,12,p101,rto16
12081,Manatee,12,p101,rto16
12083,Marion,12,p101,rto16
12085,Martin,12,p102,rto16
12086,Miami-Dade,12,p102,rto16
12087,Monroe,12,p101,rto16
12089,Nassau,12,p101,rto16
12091,Okaloosa,12,p91,rto9
12093,Okeechobee,12,p101,rto16
12095,Orange,12,p101,rto16
12097,Osceola,12,p101,rto16
12099,Palm Beach,12,p102,rto16
12101,Pasco,12,p101,rto16
12103,Pinellas,12,p101,rto16
12105,Polk,12,p101,rto16
12107,Putnam,12,p101,rto16
12109,St. Johns,12,p101,rto16
12111,St. Lucie,12,p102,rto16
12113,Santa Rosa,12,p91,rto9
12115,Sarasota,12,p101,rto16
12117,Seminole,12,p101,rto16
12119,Sumter,12,p101,rto16
12121,Suwannee,12,p101,rto16
12123,Taylor,12,p101,rto16
12125,Union,12,p101,rto16
12127,Volusia,12,p101,rto16
12129,Wakulla,12,p101,rto16
12131,Walton,12,p91,rto9
12133,Washington,12,p91,rto9
13001,Appling,13,p94,rto9
13003,Atkinson,13,p94,rto9
13005,Bacon,13,p94,rto9
13007,Baker,13,p94,rto9
13009,Baldwin,13,p94,rto9
13011,Banks,13,p94,rto9
13013,Barrow,13,p94,rto9
13015,Bartow,13,p94,rto9
13017,Ben Hill,13,p94,rto9
13019,Berrien,13,p94,rto9
13021,Bibb,13,p94,rto9
13023,Bleckley,13,p94,rto9
13025,Brantley,13,p94,rto9
13027,Brooks,13,p94,rto9
13029,Bryan,13,p94,rto9
13031,Bulloch,13,p94,rto9
13033,Burke,13,p94,rto9
13035,Butts,13,p94,rto9
13037,Calhoun,13,p94,rto9
13039,Camden,13,p94,rto9
13043,Candler,13,p94,rto9
13045,Carroll,13,p94,rto9
13047,Catoosa,13,p94,rto9
13049,Charlton,13,p94,rto9
13051,Chatham,13,p94,rto9
13053,Chattahoochee,13,p94,rto9
13055,Chattooga,13,p94,rto9
13057,Cherokee,13,p94,rto9
13059,Clarke,13,p94,rto9
13061,Clay,13,p94,rto9
13063,Clayton,13,p94,rto9
13065,Clinch,13,p94,rto9
13067,Cobb,13,p94,rto9
13069,Coffee,13,p94,rto9
13071,Colquitt,13,p94,rto9
13073,Columbia,13,p94,rto9
13075,Cook,13,p94,rto9
13077,Coweta,13,p94,rto9
13079,Crawford,13,p94,rto9
13081,Crisp,13,p94,rto9
13083,Dade,13,p94,rto9
13085,Dawson,13,p94,rto9
13087,Decatur,13,p94,rto9
13089,DeKalb,13,p94,rto9
13091,Dodge,13,p94,rto9
13093,Dooly,13,p94,rto9
13095,Dougherty,13,p94,rto9
13097,Douglas,13,p94,rto9
13099,Early,13,p94,rto9
13101,Echols,13,p94,rto9
13103,Effingham,13,p94,rto9
13105,Elbert,13,p94,rto9
13107,Emanuel,13,p94,rto9
13109,Evans,13,p94,rto9
13111,Fannin,13,p94,rto9
13113,Fayette,13,p94,rto9
13115,Floyd,13,p94,rto9
13117,Forsyth,13,p94,rto9
13119,Franklin,13,p94,rto9
13121,Fulton,13,p94,rto9
13123,Gilmer,13,p94,rto9
13125,Glascock,13,p94,rto9
13127,Glynn,13,p94,rto9
13129,Gordon,13,p94,rto9
13131,Grady,13,p94,rto9
13133,Greene,13,p94,rto9
13135,Gwinnett,13,p94,rto9
13137,Habersham,13,p94,rto9
13139,Hall,13,p94,rto9
13141,Hancock,13,p94,rto9
13143,Haralson,13,p94,rto9
13145,Harris,13,p94,rto9
13147,Hart,13,p94,rto9
13149,Heard,13,p94,rto9
13151,Henry,13,p94,rto9
13153,Houston,13,p94,rto9
13155,Irwin,13,p94,rto9
13157,Jackson,13,p94,rto9
13159,Jasper,13,p94,rto9
13161,Jeff Davis,13,p94,rto9
13163,Jefferson,13,p94,rto9
13165,Jenkins,13,p94,rto9
13167,Johnson,13,p94,rto9
13169,Jones,13,p94,rto9
13171,Lamar,13,p94,rto9
13173,Lanier,13,p94,rto9
13175,Laurens,13,p94,rto9
13177,Lee,13,p94,rto9
13179,Liberty,13,p94,rto9
13181,Lincoln,13,p94,rto9
13183,Long,13,p94,rto9
13185,Lowndes,13,p94,rto9
13187,Lumpkin,13,p94,rto9
13189,McDuffie,13,p94,rto9
13191,McIntosh,13,p94,rto9
13193,Macon,13,p94,rto9
13195,Madison,13,p94,rto9
13197,Marion,13,p94,rto9
13199,Meriwether,13,p94,rto9
13201,Miller,13,p94,rto9
13205,Mitchell,13,p94,rto9
13207,Monroe,13,p94,rto9
13209,Montgomery,13,p94,rto9
13211,Morgan,13,p94,rto9
13213,Murray,13,p94,rto9
13215,Muscogee,13,p94,rto9
13217,Newton,13,p94,rto9
13219,Oconee,13,p94,rto9
13221,Oglethorpe,13,p94,rto9
13223,Paulding,13,p94,rto9
13225,Peach,13,p94,rto9
13227,Pickens,13,p94,rto9
13229,Pierce,13,p94,rto9
13231,Pike,13,p94,rto9
13233,Polk,13,p94,rto9
13235,Pulaski,13,p94,rto9
13237,Putnam,13,p94,rto9
13239,Quitman,13,p94,rto9
13241,Rabun,13,p94,rto9
13243,Randolph,13,p94,rto9
13245,Richmond,13,p94,rto9
13247,Rockdale,13,p94,rto9
13249,Schley,13,p94,rto9
13251,Screven,13,p94,rto9
13253,Seminole,13,p94,rto9
13255,Spalding,13,p94,rto9
13257,Stephens,13,p94,rto9
13259,Stewart,13,p94,rto9
13261,Sumter,13,p94,rto9
13263,Talbot,13,p94,rto9
13265,Taliaferro,13,p94,rto9
13267,Tattnall,13,p94,rto9
13269,Taylor,13,p94,rto9
13271,Telfair,13,p94,rto9
13273,Terrell,13,p94,rto9
13275,Thomas,13,p94,rto9
13277,Tift,13,p94,rto9
13279,Toombs,13,p94,rto9
13281,Towns,13,p94,rto9
13283,Treutlen,13,p94,rto9
13285,Troup,13,p94,rto9
13287,Turner,13,p94,rto9
13289,Twiggs,13,p94,rto9
13291,Union,13,p94,rto9
13293,Upson,13,p94,rto9
13295,Walker,13,p94,rto9
13297,Walton,13,p94,rto9
13299,Ware,13,p94,rto9
13301,Warren,13,p94,rto9
13303,Washington,13,p94,rto9
13305,Wayne,13,p94,rto9
13307,Webster,13,p94,rto9
13309,Wheeler,13,p94,rto9
13311,White,13,p94,rto9
13313,Whitfield,13,p94,rto9
13315,Wilcox,13,p94,rto9
13317,Wilkes,13,p94,rto9
13319,Wilkinson,13,p94,rto9
13321,Worth,13,p94,rto9
15001,Hawaii,15,NONE,
15003,Honolulu,15,NONE,
15005,Kalawao,15,NONE,
15007,Kauai,15,NONE,
15009,Maui,15,NONE,
16001,Ada,16,p15,rto1
16003,Adams,16,p15,rto1
16005,Bannock,16,p16,rto1
16007,Bear Lake,16,p16,rto1
16009,Benewah,16,p14,rto1
16011,Bingham,16,p16,rto1
16013,Blaine,16,p15,rto1
16015,Boise,16,p15,rto1
16017,Bonner,16,p14,rto1
16019,Bonneville,16,p16,rto1
16021,Boundary,16,p14,rto1
16023,Butte,16,p15,rto1
16025,Camas,16,p15,rto1
16027,Canyon,16,p15,rto1
16029,Caribou,16,p16,rto1
16031,Cassia,16,p16,rto1
16033,Clark,16,p16,rto1
16035,Clearwater,16,p15,rto1
16037,Custer,16,p15,rto1
16039,Elmore,16,p15,rto1
16041,Franklin,16,p16,rto1
16043,Fremont,16,p16,rto1
16045,Gem,16,p15,rto1
16047,Gooding,16,p15,rto1
16049,Idaho,16,p15,rto1
16051,Jefferson,16,p16,rto1
16053,Jerome,16,p15,rto1
16055,Kootenai,16,p14,rto1
16057,Latah,16,p14,rto1
16059,Lemhi,16,p15,rto1
16061,Lewis,16,p14,rto1
16063,Lincoln,16,p15,rto1
16065,Madison,16,p16,rto1
16067,Minidoka,16,p15,rto1
16069,Nez Perce,16,p14,rto1
16071,Oneida,16,p16,rto1
16073,Owyhee,16,p15,rto1
16075,Payette,16,p15,rto1
16077,Power,16,p16,rto1
16079,Shoshone,16,p15,rto1
16081,Teton,16,p16,rto1
16083,Twin Falls,16,p16,rto1
16085,Valley,16,p15,rto1
16087,Washington,16,p15,rto1
17001,Adams,17,p81,rto6
17003,Alexander,17,p81,rto6
17005,Bond,17,p81,rto6
17007,Boone,17,p80,rto7
17009,Brown,17,p81,rto6
17011,Bureau,17,p81,rto6
17013,Calhoun,17,p81,rto6
17015,Carroll,17,p80,rto7
17017,Cass,17,p81,rto6
17019,Champaign,17,p83,rto6
17021,Christian,17,p83,rto6
17023,Clark,17,p83,rto6
17025,Clay,17,p83,rto6
17027,Clinton,17,p81,rto6
17029,Coles,17,p83,rto6
17031,Cook,17,p80,rto7
17033,Crawford,17,p83,rto6
17035,Cumberland,17,p83,rto6
17037,DeKalb,17,p80,rto7
17039,De Witt,17,p83,rto6
17041,Douglas,17,p83,rto6
17043,DuPage,17,p80,rto7
17045,Edgar,17,p83,rto6
17047,Edwards,17,p83,rto6
17049,Effingham,17,p83,rto6
17051,Fayette,17,p81,rto6
17053,Ford,17,p83,rto6
17055,Franklin,17,p81,rto6
17057,Fulton,17,p81,rto6
17059,Gallatin,17,p81,rto6
17061,Greene,17,p81,rto6
17063,Grundy,17,p80,rto7
17065,Hamilton,17,p81,rto6
17067,Hancock,17,p81,rto6
17069,Hardin,17,p81,rto6
17071,Henderson,17,p81,rto6
17073,Henry,17,p81,rto6
17075,Iroquois,17,p83,rto6
17077,Jackson,17,p81,rto6
17079,Jasper,17,p83,rto6
17081,Jefferson,17,p81,rto6
17083,Jersey,17,p81,rto6
17085,Jo Daviess,17,p80,rto7
17087,Johnson,17,p81,rto6
17089,Kane,17,p80,rto7
17091,Kankakee,17,p80,rto7
17093,Kendall,17,p80,rto7
17095,Knox,17,p81,rto6
17097,Lake,17,p80,rto7
17099,LaSalle,17,p80,rto7
17101,Lawrence,17,p83,rto6
17103,Lee,17,p80,rto7
17105,Livingston,17,p80,rto7
17107,Logan,17,p82,rto6
17109,McDonough,17,p81,rto6
17111,McHenry,17,p80,rto7
17113,McLean,17,p83,rto6
17115,Macon,17,p83,rto6
17117,Macoupin,17,p81,rto6
17119,Madison,17,p81,rto6
17121,Marion,17,p81,rto6
17123,Marshall,17,p82,rto6
17125,Mason,17,p81,rto6
17127,Massac,17,p81,rto6
17129,Menard,17,p81,rto6
17131,Mercer,17,p81,rto6
17133,Monroe,17,p81,rto6
17135,Montgomery,17,p81,rto6
17137,Morgan,17,p81,rto6
17139,Moultrie,17,p83,rto6
17141,Ogle,17,p80,rto7
17143,Peoria,17,p82,rto6
17145,Perry,17,p81,rto6
17147,Piatt,17,p83,rto6
17149,Pike,17,p81,rto6
17151,Pope,17,p81,rto6
17153,Pulaski,17,p81,rto6
17155,Putnam,17,p81,rto6
17157,Randolph,17,p81,rto6
17159,Richland,17,p83,rto6
17161,Rock Island,17,p81,rto6
17163,St. Clair,17,p81,rto6
17165,Saline,17,p81,rto6
17167,Sangamon,17,p82,rto6
17169,Schuyler,17,p81,rto6
17171,Scott,17,p81,rto6
17173,Shelby,17,p83,rto6
17175,Stark,17,p81,rto6
17177,Stephenson,17,p80,rto7
17179,Tazewell,17,p82,rto6
17181,Union,17,p81,rto6
17183,Vermilion,17,p83,rto6
17185,Wabash,17,p83,rto6
17187,Warren,17,p81,rto6
17189,Washington,17,p81,rto6
17191,Wayne,17,p81,rto6
17193,White,17,p81,rto6
17195,Whiteside,17,p80,rto7
17197,Will,17,p80,rto7
17199,Williamson,17,p81,rto6
17201,Winnebago,17,p80,rto7
17203,Woodford,17,p82,rto6
18001,Adams,18,p105,rto6
18003,Allen,18,p105,rto6
18005,Bartholomew,18,p107,rto6
18007,Benton,18,p105,rto6
18009,Blackford,18,p105,rto6
18011,Boone,18,p105,rto6
18013,Brown,18,p107,rto6
18015,Carroll,18,p105,rto6
18017,Cass,18,p105,rto6
18019,Clark,18,p107,rto6
18021,Clay,18,p107,rto6
18023,Clinton,18,p105,rto6
18025,Crawford,18,p107,rto6
18027,Daviess,18,p107,rto6
18029,Dearborn,18,p107,rto6
18031,Decatur,18,p107,rto6
18033,DeKalb,18,p105,rto6
18035,Delaware,18,p105,rto6
18037,Dubois,18,p107,rto6
18039,Elkhart,18,p105,rto6
18041,Fayette,18,p107,rto6
18043,Floyd,18,p107,rto6
18045,Fountain,18,p105,rto6
18047,Franklin,18,p107,rto6
18049,Fulton,18,p105,rto6
18051,Gibson,18,p107,rto6
18053,Grant,18,p105,rto6
18055,Greene,18,p107,rto6
18057,Hamilton,18,p106,rto6
18059,Hancock,18,p105,rto6
18061,Harrison,18,p107,rto6
18063,Hendricks,18,p105,rto6
18065,Henry,18,p107,rto6
18067,Howard,18,p105,rto6
18069,Huntington,18,p105,rto6
18071,Jackson,18,p107,rto6
18073,Jasper,18,p105,rto6
18075,Jay,18,p105,rto6
18077,Jefferson,18,p107,rto6
18079,Jennings,18,p107,rto6
18081,Johnson,18,p107,rto6
18083,Knox,18,p107,rto6
18085,Kosciusko,18,p105,rto6
18087,LaGrange,18,p105,rto6
18089,Lake,18,p105,rto6
18091,LaPorte,18,p105,rto6
18093,Lawrence,18,p107,rto6
18095,Madison,18,p105,rto6
18097,Marion,18,p106,rto6
18099,Marshall,18,p105,rto6
18101,Martin,18,p107,rto6
18103,Miami,18,p105,rto6
18105,Monroe,18,p107,rto6
18107,Montgomery,18,p105,rto6
18109,Morgan,18,p107,rto6
18111,Newton,18,p105,rto6
18113,Noble,18,p105,rto6
18115,Ohio,18,p107,rto6
18117,Orange,18,p107,rto6
18119,Owen,18,p107,rto6
18121,Parke,18,p105,rto6
18123,Perry,18,p107,rto6
18125,Pike,18,p107,rto6
18127,Porter,18,p105,rto6
18129,Posey,18,p107,rto6
18131,Pulaski,18,p105,rto6
18133,Putnam,18,p105,rto6
18135,Randolph,18,p105,rto6
18137,Ripley,18,p107,rto6
18139,Rush,18,p107,rto6
18141,St. Joseph,18,p105,rto6
18143,Scott,18,p107,rto6
18145,Shelby,18,p107,rto6
18147,Spencer,18,p107,rto6
18149,Starke,18,p105,rto6
18151,Steuben,18,p105,rto6
18153,Sullivan,18,p107,rto6
18155,Switzerland,18,p107,rto6
18157,Tippecanoe,18,p105,rto6
18159,Tipton,18,p105,rto6
18161,Union,18,p107,rto6
18163,Vanderburgh,18,p107,rto6
18165,Vermillion,18,p105,rto6
18167,Vigo,18,p105,rto6
18169,Wabash,18,p105,rto6
18171,Warren,18,p105,rto6
18173,Warrick,18,p107,rto6
18175,Washington,18,p107,rto6
18177,Wayne,18,p107,rto6
18179,Wells,18,p105,rto6
18181,White,18,p105,rto6
18183,Whitley,18,p105,rto6
19001,Adair,19,p70,rto6
19003,Adams,19,p70,rto6
19005,Allamakee,19,p69,rto6
19007,Appanoose,19,p70,rto6
19009,Audubon,19,p45,rto6
19011,Benton,19,p70,rto6
19013,Black Hawk,19,p69,rto6
19015,Boone,19,p70,rto6
19017,Bremer,19,p69,rto6
19019,Buchanan,19,p69,rto6
19021,Buena Vista,19,p45,rto6
19023,Butler,19,p69,rto6
19025,Calhoun,19,p45,rto6
19027,Carroll,19,p45,rto6
19029,Cass,19,p70,rto6
19031,Cedar,19,p70,rto6
19033,Cerro Gordo,19,p45,rto6
19035,Cherokee,19,p45,rto6
19037,Chickasaw,19,p69,rto6
19039,Clarke,19,p70,rto6
19041,Clay,19,p45,rto6
19043,Clayton,19,p69,rto6
19045,Clinton,19,p70,rto6
19047,Crawford,19,p45,rto6
19049,Dallas,19,p70,rto6
19051,Davis,19,p70,rto6
19053,Decatur,19,p70,rto6
19055,Delaware,19,p70,rto6
19057,Des Moines,19,p70,rto6
19059,Dickinson,19,p45,rto6
19061,Dubuque,19,p70,rto6
19063,Emmet,19,p45,rto6
19065,Fayette,19,p69,rto6
19067,Floyd,19,p69,rto6
19069,Franklin,19,p45,rto6
19071,Fremont,19,p45,rto6
19073,Greene,19,p70,rto6
19075,Grundy,19,p69,rto6
19077,Guthrie,19,p70,rto6
19079,Hamilton,19,p70,rto6
19081,Hancock,19,p45,rto6
19083,Hardin,19,p70,rto6
19085,Harrison,19,p45,rto6
19087,Henry,19,p70,rto6
19089,Howard,19,p69,rto6
19091,Humboldt,19,p45,rto6
19093,Ida,19,p45,rto6
19095,Iowa,19,p70,rto6
19097,Jackson,19,p70,rto6
19099,Jasper,19,p70,rto6
19101,Jefferson,19,p70,rto6
19103,Johnson,19,p70,rto6
19105,Jones,19,p70,rto6
19107,Keokuk,19,p70,rto6
19109,Kossuth,19,p45,rto6
19111,Lee,19,p70,rto6
19113,Linn,19,p70,rto6
19115,Louisa,19,p70,rto6
19117,Lucas,19,p70,rto6
19119,Lyon,19,p45,rto6
19121,Madison,19,p70,rto6
19123,Mahaska,19,p70,rto6
19125,Marion,19,p70,rto6
19127,Marshall,19,p70,rto6
19129,Mills,19,p45,rto6
19131,Mitchell,19,p69,rto6
19133,Monona,19,p45,rto6
19135,Monroe,19,p70,rto6
19137,Montgomery,19,p45,rto6
19139,Muscatine,19,p70,rto6
19141,O'Brien,19,p45,rto6
19143,Osceola,19,p45,rto6
19145,Page,19,p45,rto6
19147,Palo Alto,19,p45,rto6
19149,Plymouth,19,p45,rto6
19151,Pocahontas,19,p45,rto6
19153,Polk,19,p70,rto6
19155,Pottawattamie,19,p45,rto6
19157,Poweshiek,19,p70,rto6
19159,Ringgold,19,p70,rto6
19161,Sac,19,p45,rto6
19163,Scott,19,p70,rto6
19165,Shelby,19,p45,rto6
19167,Sioux,19,p45,rto6
19169,Story,19,p70,rto6
19171,Tama,19,p70,rto6
19173,Taylor,19,p45,rto6
19175,Union,19,p70,rto6
19177,Van Buren,19,p70,rto6
19179,Wapello,19,p70,rto6
19181,Warren,19,p70,rto6
19183,Washington,19,p70,rto6
19185,Wayne,19,p70,rto6
19187,Webster,19,p45,rto6
19189,Winnebago,19,p45,rto6
19191,Winneshiek,19,p69,rto6
19193,Woodbury,19,p45,rto6
19195,Worth,19,p45,rto6
19197,Wright,19,p45,rto6
20001,Allen,20,p53,rto8
20003,Anderson,20,p53,rto8
20005,Atchison,20,p53,rto8
20007,Barber,20,p53,rto8
20009,Barton,20,p53,rto8
20011,Bourbon,20,p53,rto8
20013,Brown,20,p53,rto8
20015,Butler,20,p53,rto8
20017,Chase,20,p53,rto8
20019,Chautauqua,20,p53,rto8
20021,Cherokee,20,p53,rto8
20023,Cheyenne,20,p52,rto8
20025,Clark,20,p53,rto8
20027,Clay,20,p53,rto8
20029,Cloud,20,p53,rto8
20031,Coffey,20,p53,rto8
20033,Comanche,20,p53,rto8
20035,Cowley,20,p53,rto8
20037,Crawford,20,p53,rto8
20039,Decatur,20,p52,rto8
20041,Dickinson,20,p53,rto8
20043,Doniphan,20,p53,rto8
20045,Douglas,20,p53,rto8
20047,Edwards,20,p53,rto8
20049,Elk,20,p53,rto8
20051,Ellis,20,p53,rto8
20053,Ellsworth,20,p53,rto8
20055,Finney,20,p52,rto8
20057,Ford,20,p53,rto8
20059,Franklin,20,p53,rto8
20061,Geary,20,p53,rto8
20063,Gove,20,p52,rto8
20065,Graham,20,p52,rto8
20067,Grant,20,p52,rto8
20069,Gray,20,p53,rto8
20071,Greeley,20,p52,rto8
20073,Greenwood,20,p53,rto8
20075,Hamilton,20,p52,rto8
20077,Harper,20,p53,rto8
20079,Harvey,20,p53,rto8
20081,Haskell,20,p53,rto8
20083,Hodgeman,20,p53,rto8
20085,Jackson,20,p53,rto8
20087,Jefferson,20,p53,rto8
20089,Jewell,20,p53,rto8
20091,Johnson,20,p53,rto8
20093,Kearny,20,p52,rto8
20095,Kingman,20,p53,rto8
20097,Kiowa,20,p53,rto8
20099,Labette,20,p53,rto8
20101,Lane,20,p52,rto8
20103,Leavenworth,20,p53,rto8
20105,Lincoln,20,p53,rto8
20107,Linn,20,p53,rto8
20109,Logan,20,p52,rto8
20111,Lyon,20,p53,rto8
20113,McPherson,20,p53,rto8
20115,Marion,20,p53,rto8
20117,Marshall,20,p53,rto8
20119,Meade,20,p53,rto8
20121,Miami,20,p53,rto8
20123,Mitchell,20,p53,rto8
20125,Montgomery,20,p53,rto8
20127,Morris,20,p53,rto8
20129,Morton,20,p52,rto8
20131,Nemaha,20,p53,rto8
20133,Neosho,20,p53,rto8
20135,Ness,20,p53,rto8
20137,Norton,20,p52,rto8
20139,Osage,20,p53,rto8
20141,Osborne,20,p53,rto8
20143,Ottawa,20,p53,rto8
20145,Pawnee,20,p53,rto8
20147,Phillips,20,p53,rto8
20149,Pottawatomie,20,p53,rto8
20151,Pratt,20,p53,rto8
20153,Rawlins,20,p52,rto8
20155,Reno,20,p53,rto8
20157,Republic,20,p53,rto8
20159,Rice,20,p53,rto8
20161,Riley,20,p53,rto8
20163,Rooks,20,p53,rto8
20165,Rush,20,p53,rto8
20167,Russell,20,p53,rto8
20169,Saline,20,p53,rto8
20171,Scott,20,p52,rto8
20173,Sedgwick,20,p53,rto8
20175,Seward,20,p53,rto8
20177,Shawnee,20,p53,rto8
20179,Sheridan,20,p52,rto8
20181,Sherman,20,p52,rto8
20183,Smith,20,p53,rto8
20185,Stafford,20,p53,rto8
20187,Stanton,20,p52,rto8
20189,Stevens,20,p52,rto8
20191,Sumner,20,p53,rto8
20193,Thomas,20,p52,rto8
20195,Trego,20,p52,rto8
20197,Wabaunsee,20,p53,rto8
20199,Wallace,20,p52,rto8
20201,Washington,20,p53,rto8
20203,Wichita,20,p52,rto8
20205,Wilson,20,p53,rto8
20207,Woodson,20,p53,rto8
20209,Wyandotte,20,p53,rto8
21001,Adair,21,p109,rto7
21003,Allen,21,p93,rto14
21005,Anderson,21,p109,rto7
21007,Ballard,21,p93,rto14
21009,Barren,21,p109,rto7
21011,Bath,21,p109,rto7
21013,Bell,21,p109,rto7
21015,Boone,21,p109,rto7
21017,Bourbon,21,p109,rto7
21019,Boyd,21,p110,rto7
21021,Boyle,21,p109,rto7
21023,Bracken,21,p109,rto7
21025,Breathitt,21,p110,rto7
21027,Breckinridge,21,p108,rto6
21029,Bullitt,21,p109,rto7
21031,Butler,21,p93,rto14
21033,Caldwell,21,p108,rto6
21035,Calloway,21,p93,rto14
21037,Campbell,21,p109,rto7
21039,Carlisle,21,p93,rto14
21041,Carroll,21,p109,rto7
21043,Carter,21,p110,rto7
21045,Casey,21,p109,rto7
21047,Christian,21,p93,rto14
21049,Clark,21,p109,rto7
21051,Clay,21,p109,rto7
21053,Clinton,21,p93,rto14
21055,Crittenden,21,p108,rto6
21057,Cumberland,21,p93,rto14
21059,Daviess,21,p108,rto6
21061,Edmonson,21,p109,rto7
21063,Elliott,21,p109,rto7
21065,Estill,21,p109,rto7
21067,Fayette,21,p109,rto7
21069,Fleming,21,p109,rto7
21071,Floyd,21,p110,rto7
21073,Franklin,21,p109,rto7
21075,Fulton,21,p93,rto14
21077,Gallatin,21,p109,rto7
21079,Garrard,21,p109,rto7
21081,Grant,21,p109,rto7
21083,Graves,21,p93,rto14
21085,Grayson,21,p108,rto6
21087,Green,21,p109,rto7
21089,Greenup,21,p109,rto7
21091,Hancock,21,p108,rto6
21093,Hardin,21,p109,rto7
21095,Harlan,21,p109,rto7
21097,Harrison,21,p109,rto7
21099,Hart,21,p109,rto7
21101,Henderson,21,p108,rto6
21103,Henry,21,p109,rto7
21105,Hickman,21,p93,rto14
21107,Hopkins,21,p108,rto6
21109,Jackson,21,p109,rto7
21111,Jefferson,21,p109,rto7
21113,Jessamine,21,p109,rto7
21115,Johnson,21,p109,rto7
21117,Kenton,21,p109,rto7
21119,Knott,21,p110,rto7
21121,Knox,21,p109,rto7
21123,Larue,21,p109,rto7
21125,Laurel,21,p109,rto7
21127,Lawrence,21,p110,rto7
21129,Lee,21,p109,rto7
21131,Leslie,21,p110,rto7
21133,Letcher,21,p110,rto7
21135,Lewis,21,p109,rto7
21137,Lincoln,21,p109,rto7
21139,Livingston,21,p93,rto14
21141,Logan,21,p93,rto14
21143,Lyon,21,p93,rto14
21145,McCracken,21,p93,rto14
21147,McCreary,21,p93,rto14
21149,McLean,21,p108,rto6
21151,Madison,21,p109,rto7
21153,Magoffin,21,p109,rto7
21155,Marion,21,p109,rto7
21157,Marshall,21,p93,rto14
21159,Martin,21,p110,rto7
21161,Mason,21,p109,rto7
21163,Meade,21,p109,rto7
21165,Menifee,21,p109,rto7
21167,Mercer,21,p109,rto7
21169,Metcalfe,21,p93,rto14
21171,Monroe,21,p93,rto14
21173,Montgomery,21,p109,rto7
21175,Morgan,21,p109,rto7
21177,Muhlenberg,21,p108,rto6
21179,Nelson,21,p109,rto7
21181,Nicholas,21,p109,rto7
21183,Ohio,21,p108,rto6
21185,Oldham,21,p109,rto7
21187,Owen,21,p109,rto7
21189,Owsley,21,p109,rto7
21191,Pendleton,21,p109,rto7
21193,Perry,21,p110,rto7
21195,Pike,21,p110,rto7
21197,Powell,21,p109,rto7
21199,Pulaski,21,p93,rto14
21201,Robertson,21,p109,rto7
21203,Rockcastle,21,p109,rto7
21205,Rowan,21,p109,rto7
21207,Russell,21,p93,rto14
21209,Scott,21,p109,rto7
21211,Shelby,21,p109,rto7
21213,Simpson,21,p93,rto14
21215,Spencer,21,p109,rto7
21217,Taylor,21,p109,rto7
21219,Todd,21,p93,rto14
21221,Trigg,21,p93,rto14
21223,Trimble,21,p109,rto7
21225,Union,21,p108,rto6
21227,Warren,21,p93,rto14
21229,Washington,21,p109,rto7
21231,Wayne,21,p93,rto14
21233,Webster,21,p108,rto6
21235,Whitley,21,p109,rto7
21237,Wolfe,21,p109,rto7
21239,Woodford,21,p109,rto7
22001,Acadia,22,p58,rto13
22003,Allen,22,p58,rto13
22005,Ascension,22,p58,rto13
22007,Assumption,22,p58,rto13
22009,Avoyelles,22,p58,rto13
22011,Beauregard,22,p58,rto13
22013,Bienville,22,p58,rto13
22015,Bossier,22,p58,rto13
22017,Caddo,22,p58,rto13
22019,Calcasieu,22,p58,rto13
22021,Caldwell,22,p58,rto13
22023,Cameron,22,p58,rto13
22025,Catahoula,22,p58,rto13
22027,Claiborne,22,p86,rto13
22029,Concordia,22,p58,rto13
22031,De Soto,22,p58,rto13
22033,East Baton Rouge,22,p58,rto13
22035,East Carroll,22,p86,rto13
22037,East Feliciana,22,p58,rto13
22039,Evangeline,22,p58,rto13
22041,Franklin,22,p86,rto13
22043,Grant,22,p58,rto13
22045,Iberia,22,p58,rto13
22047,Iberville,22,p58,rto13
22049,Jackson,22,p58,rto13
22051,Jefferson,22,p58,rto13
22053,Jefferson Davis,22,p58,rto13
22055,Lafayette,22,p58,rto13
22057,Lafourche,22,p58,rto13
22059,LaSalle,22,p58,rto13
22061,Lincoln,22,p86,rto13
22063,Livingston,22,p58,rto13
22065,Madison,22,p86,rto13
22067,Morehouse,22,p86,rto13
22069,Natchitoches,22,p58,rto13
22071,Orleans,22,p58,rto13
22073,Ouachita,22,p86,rto13
22075,Plaquemines,22,p58,rto13
22077,Pointe Coupee,22,p58,rto13
22079,Rapides,22,p58,rto13
22081,Red River,22,p58,rto13
22083,Richland,22,p86,rto13
22085,Sabine,22,p58,rto13
22087,St. Bernard,22,p58,rto13
22089,St. Charles,22,p58,rto13
22091,St. Helena,22,p58,rto13
22093,St. James,22,p58,rto13
22095,St. John the Baptist,22,p58,rto13
22097,St. Landry,22,p58,rto13
22099,St. Martin,22,p58,rto13
22101,St. Mary,22,p58,rto13
22103,St. Tammany,22,p58,rto13
22105,Tangipahoa,22,p58,rto13
22107,Tensas,22,p86,rto13
22109,Terrebonne,22,p58,rto13
22111,Union,22,p86,rto13
22113,Vermilion,22,p58,rto13
22115,Vernon,22,p58,rto13
22117,Washington,22,p58,rto13
22119,Webster,22,p58,rto13
22121,West Baton Rouge,22,p58,rto13
22123,West Carroll,22,p86,rto13
22125,West Feliciana,22,p58,rto13
22127,Winn,22,p58,rto13
23001,Androscoggin,23,p134,rto18
23003,Aroostook,23,p134,rto18
23005,Cumberland,23,p134,rto18
23007,Franklin,23,p134,rto18
23009,Hancock,23,p134,rto18
23011,Kennebec,23,p134,rto18
23013,Knox,23,p134,rto18
23015,Lincoln,23,p134,rto18
23017,Oxford,23,p134,rto18
23019,Penobscot,23,p134,rto18
23021,Piscataquis,23,p134,rto18
23023,Sagadahoc,23,p134,rto18
23025,Somerset,23,p134,rto18
23027,Waldo,23,p134,rto18
23029,Washington,23,p134,rto18
23031,York,23,p134,rto18
24001,Allegany,24,p121,rto7
24003,Anne Arundel,24,p123,rto12
24005,Baltimore,24,p123,rto12
24009,Calvert,24,p123,rto12
24011,Caroline,24,p123,rto12
24013,Carroll,24,p123,rto12
24015,Cecil,24,p123,rto12
24017,Charles,24,p123,rto12
24019,Dorchester,24,p123,rto12
24021,Frederick,24,p121,rto7
24023,Garrett,24,p121,rto7
24025,Harford,24,p123,rto12
24027,Howard,24,p123,rto12
24029,Kent,24,p123,rto12
24031,Montgomery,24,p123,rto12
24033,Prince George's,24,p123,rto12
24035,Queen Anne's,24,p123,rto12
24037,St. Mary's,24,p123,rto12
24039,Somerset,24,p123,rto12
24041,Talbot,24,p123,rto12
24043,Washington,24,p121,rto7
24045,Wicomico,24,p123,rto12
24047,Worcester,24,p123,rto12
24510,Baltimore,24,p123,rto12
25001,Barnstable,25,NONE,
25003,Berkshire,25,p131,rto18
25005,Bristol,25,p131,rto18
25007,Dukes,25,p131,rto18
25009,Essex,25,p131,rto18
25011,Franklin,25,p131,rto18
25013,Hampden,25,p131,rto18
25015,Hampshire,25,p131,rto18
25017,Middlesex,25,p131,rto18
25019,Nantucket,25,p131,rto18
25021,Norfolk,25,p131,rto18
25023,Plymouth,25,p131,rto18
25025,Suffolk,25,p131,rto18
25027,Worcester,25,p131,rto18
26001,Alcona,26,p103,rto6
26003,Alger,26,p74,rto6
26005,Allegan,26,p103,rto6
26007,Alpena,26,p103,rto6
26009,Antrim,26,p103,rto6
26011,Arenac,26,p103,rto6
26013,Baraga,26,p74,rto6
26015,Barry,26,p103,rto6
26017,Bay,26,p103,rto6
26019,Benzie,26,p103,rto6
26021,Berrien,26,p104,rto7
26023,Branch,26,p103,rto6
26025,Calhoun,26,p103,rto6
26027,Cass,26,p104,rto7
26029,Charlevoix,26,p103,rto6
26031,Cheboygan,26,p103,rto6
26033,Chippewa,26,p103,rto6
26035,Clare,26,p103,rto6
26037,Clinton,26,p103,rto6
26039,Crawford,26,p103,rto6
26041,Delta,26,p74,rto6
26043,Dickinson,26,p74,rto6
26045,Eaton,26,p103,rto6
26047,Emmet,26,p103,rto6
26049,Genesee,26,p103,rto6
26051,Gladwin,26,p103,rto6
26053,Gogebic,26,p74,rto6
26055,Grand Traverse,26,p103,rto6
26057,Gratiot,26,p103,rto6
26059,Hillsdale,26,p103,rto6
26061,Houghton,26,p74,rto6
26063,Huron,26,p103,rto6
26065,Ingham,26,p103,rto6
26067,Ionia,26,p103,rto6
26069,Iosco,26,p103,rto6
26071,Iron,26,p74,rto6
26073,Isabella,26,p103,rto6
26075,Jackson,26,p103,rto6
26077,Kalamazoo,26,p104,rto7
26079,Kalkaska,26,p103,rto6
26081,Kent,26,p103,rto6
26083,Keweenaw,26,NONE,
26085,Lake,26,p103,rto6
26087,Lapeer,26,p103,rto6
26089,Leelanau,26,p103,rto6
26091,Lenawee,26,p103,rto6
26093,Livingston,26,p103,rto6
26095,Luce,26,p103,rto6
26097,Mackinac,26,p103,rto6
26099,Macomb,26,p103,rto6
26101,Manistee,26,p103,rto6
26103,Marquette,26,p74,rto6
26105,Mason,26,p103,rto6
26107,Mecosta,26,p103,rto6
26109,Menominee,26,p74,rto6
26111,Midland,26,p103,rto6
26113,Missaukee,26,p103,rto6
26115,Monroe,26,p103,rto6
26117,Montcalm,26,p103,rto6
26119,Montmorency,26,p103,rto6
26121,Muskegon,26,p103,rto6
26123,Newaygo,26,p103,rto6
26125,Oakland,26,p103,rto6
26127,Oceana,26,p103,rto6
26129,Ogemaw,26,p103,rto6
26131,Ontonagon,26,p74,rto6
26133,Osceola,26,p103,rto6
26135,Oscoda,26,p103,rto6
26137,Otsego,26,p103,rto6
26139,Ottawa,26,p103,rto6
26141,Presque Isle,26,p103,rto6
26143,Roscommon,26,p103,rto6
26145,Saginaw,26,p103,rto6
26147,St. Clair,26,p103,rto6
26149,St. Joseph,26,p104,rto7
26151,Sanilac,26,p103,rto6
26153,Schoolcraft,26,p103,rto6
26155,Shiawassee,26,p103,rto6
26157,Tuscola,26,p103,rto6
26159,Van Buren,26,p104,rto7
26161,Washtenaw,26,p103,rto6
26163,Wayne,26,p103,rto6
26165,Wexford,26,p103,rto6
27001,Aitkin,27,p43,rto11
27003,Anoka,27,p43,rto11
27005,Becker,27,p42,rto11
27007,Beltrami,27,p42,rto11
27009,Benton,27,p43,rto11
27011,Big Stone,27,p43,rto11
27013,Blue Earth,27,p68,rto11
27015,Brown,27,p68,rto11
27017,Carlton,27,p43,rto11
27019,Carver,27,p43,rto11
27021,Cass,27,p43,rto11
27023,Chippewa,27,p44,rto11
27025,Chisago,27,p43,rto11
27027,Clay,27,p42,rto11
27029,Clearwater,27,p42,rto11
27031,Cook,27,p43,rto11
27033,Cottonwood,27,p68,rto11
27035,Crow Wing,27,p43,rto11
27037,Dakota,27,p43,rto11
27039,Dodge,27,p43,rto11
27041,Douglas,27,p43,rto11
27043,Faribault,27,p68,rto11
27045,Fillmore,27,p68,rto11
27047,Freeborn,27,p68,rto11
27049,Goodhue,27,p43,rto11
27051,Grant,27,p43,rto11
27053,Hennepin,27,p43,rto11
27055,Houston,27,p68,rto11
27057,Hubbard,27,p43,rto11
27059,Isanti,27,p43,rto11
27061,Itasca,27,p43,rto11
27063,Jackson,27,p68,rto11
27065,Kanabec,27,p43,rto11
27067,Kandiyohi,27,p43,rto11
27069,Kittson,27,p42,rto11
27071,Koochiching,27,p42,rto11
27073,Lac qui Parle,27,p44,rto11
27075,Lake,27,p43,rto11
27077,Lake of the Woods,27,p42,rto11
27079,Le Sueur,27,p43,rto11
27081,Lincoln,27,p44,rto11
27083,Lyon,27,p44,rto11
27085,McLeod,27,p43,rto11
27087,Mahnomen,27,p42,rto11
27089,Marshall,27,p42,rto11
27091,Martin,27,p68,rto11
27093,Meeker,27,p43,rto11
27095,Mille Lacs,27,p43,rto11
27097,Morrison,27,p43,rto11
27099,Mower,27,p68,rto11
27101,Murray,27,p44,rto11
27103,Nicollet,27,p68,rto11
27105,Nobles,27,p44,rto11
27107,Norman,27,p42,rto11
27109,Olmsted,27,p43,rto11
27111,Otter Tail,27,p43,rto11
27113,Pennington,27,p42,rto11
27115,Pine,27,p43,rto11
27117,Pipestone,27,p44,rto11
27119,Polk,27,p42,rto11
27121,Pope,27,p43,rto11
27123,Ramsey,27,p43,rto11
27125,Red Lake,27,p42,rto11
27127,Redwood,27,p44,rto11
27129,Renville,27,p44,rto11
27131,Rice,27,p43,rto11
27133,Rock,27,p44,rto11
27135,Roseau,27,p42,rto11
27137,St. Louis,27,p43,rto11
27139,Scott,27,p43,rto11
27141,Sherburne,27,p43,rto11
27143,Sibley,27,p43,rto11
27145,Stearns,27,p43,rto11
27147,Steele,27,p43,rto11
27149,Stevens,27,p43,rto11
27151,Swift,27,p43,rto11
27153,Todd,27,p43,rto11
27155,Traverse,27,p43,rto11
27157,Wabasha,27,p43,rto11
27159,Wadena,27,p43,rto11
27161,Waseca,27,p68,rto11
27163,Washington,27,p43,rto11
27165,Watonwan,27,p68,rto11
27167,Wilkin,27,p43,rto11
27169,Winona,27,p43,rto11
27171,Wright,27,p43,rto11
27173,Yellow Medicine,27,p44,rto11
28001,Adams,28,p87,rto13
28003,Alcorn,28,p88,rto14
28005,Amite,28,p87,rto13
28007,Attala,28,p87,rto13
28009,Benton,28,p88,rto14
28011,Bolivar,28,p87,rto13
28013,Calhoun,28,p88,rto14
28015,Carroll,28,p87,rto13
28017,Chickasaw,28,p88,rto14
28019,Choctaw,28,p88,rto14
28021,Claiborne,28,p87,rto13
28023,Clarke,28,p87,rto13
28025,Clay,28,p88,rto14
28027,Coahoma,28,p87,rto13
28029,Copiah,28,p87,rto13
28031,Covington,28,p87,rto13
28033,DeSoto,28,p87,rto13
28035,Forrest,28,p87,rto13
28037,Franklin,28,p87,rto13
28039,George,28,p87,rto13
28041,Greene,28,p87,rto13
28043,Grenada,28,p87,rto13
28045,Hancock,28,p87,rto13
28047,Harrison,28,p87,rto13
28049,Hinds,28,p87,rto13
28051,Holmes,28,p87,rto13
28053,Humphreys,28,p87,rto13
28055,Issaquena,28,p87,rto13
28057,Itawamba,28,p88,rto14
28059,Jackson,28,p87,rto13
28061,Jasper,28,p87,rto13
28063,Jefferson,28,p87,rto13
28065,Jefferson Davis,28,p87,rto13
28067,Jones,28,p87,rto13
28069,Kemper,28,p88,rto14
28071,Lafayette,28,p88,rto14
28073,Lamar,28,p87,rto13
28075,Lauderdale,28,p87,rto13
28077,Lawrence,28,p87,rto13
28079,Leake,28,p87,rto13
28081,Lee,28,p88,rto14
28083,Leflore,28,p87,rto13
28085,Lincoln,28,p87,rto13
28087,Lowndes,28,p88,rto14
28089,Madison,28,p87,rto13
28091,Marion,28,p87,rto13
28093,Marshall,28,p88,rto14
28095,Monroe,28,p88,rto14
28097,Montgomery,28,p87,rto13
28099,Neshoba,28,p88,rto14
28101,Newton,28,p87,rto13
28103,Noxubee,28,p88,rto14
28105,Oktibbeha,28,p88,rto14
28107,Panola,28,p87,rto13
28109,Pearl River,28,p87,rto13
28111,Perry,28,p87,rto13
28113,Pike,28,p87,rto13
28115,Pontotoc,28,p88,rto14
28117,Prentiss,28,p88,rto14
28119,Quitman,28,p87,rto13
28121,Rankin,28,p87,rto13
28123,Scott,28,p87,rto13
28125,Sharkey,28,p87,rto13
28127,Simpson,28,p87,rto13
28129,Smith,28,p87,rto13
28131,Stone,28,p87,rto13
28133,Sunflower,28,p87,rto13
28135,Tallahatchie,28,p87,rto13
28137,Tate,28,p87,rto13
28139,Tippah,28,p88,rto14
28141,Tishomingo,28,p88,rto14
28143,Tunica,28,p87,rto13
28145,Union,28,p88,rto14
28147,Walthall,28,p87,rto13
28149,Warren,28,p87,rto13
28151,Washington,28,p87,rto13
28153,Wayne,28,p87,rto13
28155,Webster,28,p88,rto14
28157,Wilkinson,28,p87,rto13
28159,Winston,28,p88,rto14
28161,Yalobusha,28,p88,rto14
28163,Yazoo,28,p87,rto13
29001,Adair,29,p71,rto6
29003,Andrew,29,p54,rto8
29005,Atchison,29,p54,rto8
29007,Audrain,29,p72,rto6
29009,Barry,29,p55,rto8
29011,Barton,29,p55,rto8
29013,Bates,29,p55,rto8
29015,Benton,29,p55,rto8
29017,Bollinger,29,p73,rto13
29019,Boone,29,p72,rto6
29021,Buchanan,29,p54,rto8
29023,Butler,29,p84,rto13
29025,Caldwell,29,p54,rto8
29027,Callaway,29,p72,rto6
29029,Camden,29,p84,rto13
29031,Cape Girardeau,29,p72,rto6
29033,Carroll,29,p54,rto8
29035,Carter,29,p84,rto13
29037,Cass,29,p54,rto8
29039,Cedar,29,p55,rto8
29041,Chariton,29,p54,rto8
29043,Christian,29,p55,rto8
29045,Clark,29,p71,rto6
29047,Clay,29,p54,rto8
29049,Clinton,29,p54,rto8
29051,Cole,29,p72,rto6
29053,Cooper,29,p72,rto6
29055,Crawford,29,p73,rto13
29057,Dade,29,p55,rto8
29059,Dallas,29,p84,rto13
29061,Daviess,29,p54,rto8
29063,DeKalb,29,p54,rto8
29065,Dent,29,p84,rto13
29067,Douglas,29,p55,rto8
29069,Dunklin,29,p84,rto13
29071,Franklin,29,p72,rto6
29073,Gasconade,29,p72,rto6
29075,Gentry,29,p54,rto8
29077,Greene,29,p55,rto8
29079,Grundy,29,p54,rto8
29081,Harrison,29,p54,rto8
29083,Henry,29,p55,rto8
29085,Hickory,29,p55,rto8
29087,Holt,29,p54,rto8
29089,Howard,29,p72,rto6
29091,Howell,29,p84,rto13
29093,Iron,29,p73,rto13
29095,Jackson,29,p54,rto8
29097,Jasper,29,p55,rto8
29099,Jefferson,29,p72,rto6
29101,Johnson,29,p54,rto8
29103,Knox,29,p71,rto6
29105,Laclede,29,p84,rto13
29107,Lafayette,29,p54,rto8
29109,Lawrence,29,p55,rto8
29111,Lewis,29,p71,rto6
29113,Lincoln,29,p72,rto6
29115,Linn,29,p54,rto8
29117,Livingston,29,p54,rto8
29119,McDonald,29,p55,rto8
29121,Macon,29,p71,rto6
29123,Madison,29,p73,rto13
29125,Maries,29,p72,rto6
29127,Marion,29,p71,rto6
29129,Mercer,29,p54,rto8
29131,Miller,29,p72,rto6
29133,Mississippi,29,p72,rto6
29135,Moniteau,29,p72,rto6
29137,Monroe,29,p71,rto6
29139,Montgomery,29,p72,rto6
29141,Morgan,29,p72,rto6
29143,New Madrid,29,p84,rto13
29145,Newton,29,p55,rto8
29147,Nodaway,29,p54,rto8
29149,Oregon,29,p84,rto13
29151,Osage,29,p72,rto6
29153,Ozark,29,p55,rto8
29155,Pemiscot,29,p84,rto13
29157,Perry,29,p72,rto6
29159,Pettis,29,p54,rto8
29161,Phelps,29,p73,rto13
29163,Pike,29,p72,rto6
29165,Platte,29,p54,rto8
29167,Polk,29,p55,rto8
29169,Pulaski,29,p73,rto13
29171,Putnam,29,p54,rto8
29173,Ralls,29,p71,rto6
29175,Randolph,29,p72,rto6
29177,Ray,29,p54,rto8
29179,Reynolds,29,p73,rto13
29181,Ripley,29,p84,rto13
29183,St. Charles,29,p72,rto6
29185,St. Clair,29,p55,rto8
29186,Ste. Genevieve,29,p72,rto6
29187,St. Francois,29,p72,rto6
29189,St. Louis,29,p72,rto6
29195,Saline,29,p54,rto8
29197,Schuyler,29,p71,rto6
29199,Scotland,29,p71,rto6
29201,Scott,29,p72,rto6
29203,Shannon,29,p84,rto13
29205,Shelby,29,p71,rto6
29207,Stoddard,29,p84,rto13
29209,Stone,29,p55,rto8
29211,Sullivan,29,p54,rto8
29213,Taney,29,p55,rto8
29215,Texas,29,p84,rto13
29217,Vernon,29,p55,rto8
29219,Warren,29,p72,rto6
29221,Washington,29,p73,rto13
29223,Wayne,29,p84,rto13
29225,Webster,29,p55,rto8
29227,Worth,29,p54,rto8
29229,Wright,29,p84,rto13
29510,St. Louis,29,p72,rto6
30001,Beaverhead,30,p17,rto1
30003,Big Horn,30,p18,rto2
30005,Blaine,30,p18,rto2
30007,Broadwater,30,p17,rto1
30009,Carbon,30,p18,rto2
30011,Carter,30,p35,rto11
30013,Cascade,30,p18,rto2
30015,Chouteau,30,p18,rto2
30017,Custer,30,p35,rto11
30019,Daniels,30,p35,rto11
30021,Dawson,30,p35,rto11
30023,Deer Lodge,30,p17,rto1
30025,Fallon,30,p35,rto11
30027,Fergus,30,p20,rto2
30029,Flathead,30,p17,rto1
30031,Gallatin,30,p18,rto2
30033,Garfield,30,p19,rto2
30035,Glacier,30,p18,rto2
30037,Golden Valley,30,p20,rto2
30039,Granite,30,p17,rto1
30041,Hill,30,p18,rto2
30043,Jefferson,30,p17,rto1
30045,Judith Basin,30,p20,rto2
30047,Lake,30,p17,rto1
30049,Lewis and Clark,30,p18,rto2
30051,Liberty,30,p18,rto2
30053,Lincoln,30,p17,rto1
30055,McCone,30,p35,rto11
30057,Madison,30,p17,rto1
30059,Meagher,30,p18,rto2
30061,Mineral,30,p17,rto1
30063,Missoula,30,p17,rto1
30065,Musselshell,30,p20,rto2
30067,Park,30,p18,rto2
30069,Petroleum,30,p20,rto2
30071,Phillips,30,p18,rto2
30073,Pondera,30,p18,rto2
30075,Powder River,30,p20,rto2
30077,Powell,30,p17,rto1
30079,Prairie,30,p35,rto11
30081,Ravalli,30,p17,rto1
30083,Richland,30,p35,rto11
30085,Roosevelt,30,p35,rto11
30087,Rosebud,30,p20,rto2
30089,Sanders,30,p17,rto1
30091,Sheridan,30,p35,rto11
30093,Silver Bow,30,p17,rto1
30095,Stillwater,30,p18,rto2
30097,Sweet Grass,30,p18,rto2
30099,Teton,30,p18,rto2
30101,Toole,30,p18,rto2
30103,Treasure,30,p20,rto2
30105,Valley,30,p19,rto2
30107,Wheatland,30,p20,rto2
30109,Wibaux,30,p35,rto11
30111,Yellowstone,30,p20,rto2
31001,Adams,31,p40,rto8
31003,Antelope,31,p40,rto8
31005,Arthur,31,p39,rto8
31007,Banner,31,p39,rto8
31009,Blaine,31,p40,rto8
31011,Boone,31,p40,rto8
31013,Box Butte,31,p39,rto8
31015,Boyd,31,p40,rto8
31017,Brown,31,p40,rto8
31019,Buffalo,31,p40,rto8
31021,Burt,31,p41,rto8
31023,Butler,31,p40,rto8
31025,Cass,31,p41,rto8
31027,Cedar,31,p40,rto8
31029,Chase,31,p39,rto8
31031,Cherry,31,p40,rto8
31033,Cheyenne,31,p39,rto8
31035,Clay,31,p40,rto8
31037,Colfax,31,p41,rto8
31039,Cuming,31,p40,rto8
31041,Custer,31,p40,rto8
31043,Dakota,31,p40,rto8
31045,Dawes,31,p39,rto8
31047,Dawson,31,p40,rto8
31049,Deuel,31,p39,rto8
31051,Dixon,31,p40,rto8
31053,Dodge,31,p41,rto8
31055,Douglas,31,p41,rto8
31057,Dundy,31,p39,rto8
31059,Fillmore,31,p40,rto8
31061,Franklin,31,p40,rto8
31063,Frontier,31,p40,rto8
31065,Furnas,31,p40,rto8
31067,Gage,31,p40,rto8
31069,Garden,31,p39,rto8
31071,Garfield,31,p40,rto8
31073,Gosper,31,p40,rto8
31075,Grant,31,p39,rto8
31077,Greeley,31,p40,rto8
31079,Hall,31,p40,rto8
31081,Hamilton,31,p40,rto8
31083,Harlan,31,p40,rto8
31085,Hayes,31,p40,rto8
31087,Hitchcock,31,p40,rto8
31089,Holt,31,p40,rto8
31091,Hooker,31,p40,rto8
31093,Howard,31,p40,rto8
31095,Jefferson,31,p40,rto8
31097,Johnson,31,p41,rto8
31099,Kearney,31,p40,rto8
31101,Keith,31,p39,rto8
31103,Keya Paha,31,p40,rto8
31105,Kimball,31,p39,rto8
31107,Knox,31,p40,rto8
31109,Lancaster,31,p41,rto8
31111,Lincoln,31,p40,rto8
31113,Logan,31,p40,rto8
31115,Loup,31,p40,rto8
31117,McPherson,31,p40,rto8
31119,Madison,31,p40,rto8
31121,Merrick,31,p40,rto8
31123,Morrill,31,p39,rto8
31125,Nance,31,p40,rto8
31127,Nemaha,31,p41,rto8
31129,Nuckolls,31,p40,rto8
31131,Otoe,31,p41,rto8
31133,Pawnee,31,p41,rto8
31135,Perkins,31,p39,rto8
31137,Phelps,31,p40,rto8
31139,Pierce,31,p40,rto8
31141,Platte,31,p40,rto8
31143,Polk,31,p40,rto8
31145,Red Willow,31,p40,rto8
31147,Richardson,31,p41,rto8
31149,Rock,31,p40,rto8
31151,Saline,31,p40,rto8
31153,Sarpy,31,p41,rto8
31155,Saunders,31,p41,rto8
31157,Scotts Bluff,31,p39,rto8
31159,Seward,31,p40,rto8
31161,Sheridan,31,p39,rto8
31163,Sherman,31,p40,rto8
31165,Sioux,31,p39,rto8
31167,Stanton,31,p40,rto8
31169,Thayer,31,p40,rto8
31171,Thomas,31,p40,rto8
31173,Thurston,31,p40,rto8
31175,Valley,31,p40,rto8
31177,Washington,31,p41,rto8
31179,Wayne,31,p40,rto8
31181,Webster,31,p40,rto8
31183,Wheeler,31,p40,rto8
31185,York,31,p40,rto8
32001,Churchill,32,p12,rto2
32003,Clark,32,p13,rto3
32005,Douglas,32,p12,rto2
32007,Elko,32,p12,rto2
32009,Esmeralda,32,p12,rto2
32011,Eureka,32,p12,rto2
32013,Humboldt,32,p12,rto2
32015,Lander,32,p12,rto2
32017,Lincoln,32,p12,rto2
32019,Lyon,32,p12,rto2
32021,Mineral,32,p12,rto2
32023,Nye,32,p12,rto2
32027,Pershing,32,p12,rto2
32029,Storey,32,p12,rto2
32031,Washoe,32,p12,rto2
32033,White Pine,32,p12,rto2
32510,Carson City,32,p12,rto2
33001,Belknap,33,p130,rto18
33003,Carroll,33,p130,rto18
33005,Cheshire,33,p130,rto18
33007,Coos,33,p130,rto18
33009,Grafton,33,p130,rto18
33011,Hillsborough,33,p130,rto18
33013,Merrimack,33,p130,rto18
33015,Rockingham,33,p130,rto18
33017,Strafford,33,p130,rto18
33019,Sullivan,33,p130,rto18
34001,Atlantic,34,p126,rto12
34003,Bergen,34,p126,rto12
34005,Burlington,34,p126,rto12
34007,Camden,34,p126,rto12
34009,Cape May,34,p126,rto12
34011,Cumberland,34,p126,rto12
34013,Essex,34,p126,rto12
34015,Gloucester,34,p126,rto12
34017,Hudson,34,p126,rto12
34019,Hunterdon,34,p126,rto12
34021,Mercer,34,p126,rto12
34023,Middlesex,34,p126,rto12
34025,Monmouth,34,p126,rto12
34027,Morris,34,p126,rto12
34029,Ocean,34,p126,rto12
34031,Passaic,34,p126,rto12
34033,Salem,34,p126,rto12
34035,Somerset,34,p126,rto12
34037,Sussex,34,p126,rto12
34039,Union,34,p126,rto12
34041,Warren,34,p126,rto12
35001,Bernalillo,35,p31,rto3
35003,Catron,35,p31,rto3
35005,Chaves,35,p47,rto8
35006,Cibola,35,p31,rto3
35007,Colfax,35,p31,rto3
35009,Curry,35,p47,rto8
35011,De Baca,35,p31,rto3
35013,Doña Ana,35,p31,rto3
35015,Eddy,35,p47,rto8
35017,Grant,35,p31,rto3
35019,Guadalupe,35,p31,rto3
35021,Harding,35,p31,rto3
35023,Hidalgo,35,p31,rto3
35025,Lea,35,p47,rto8
35027,Lincoln,35,p31,rto3
35028,Los Alamos,35,p31,rto3
35029,Luna,35,p31,rto3
35031,McKinley,35,p31,rto3
35033,Mora,35,p31,rto3
35035,Otero,35,p31,rto3
35037,Quay,35,p47,rto8
35039,Rio Arriba,35,p31,rto3
35041,Roosevelt,35,p47,rto8
35043,Sandoval,35,p31,rto3
35045,San Juan,35,p31,rto3
35047,San Miguel,35,p31,rto3
35049,Santa Fe,35,p31,rto3
35051,Sierra,35,p31,rto3
35053,Socorro,35,p31,rto3
35055,Taos,35,p31,rto3
35057,Torrance,35,p31,rto3
35059,Union,35,p31,rto3
35061,Valencia,35,p31,rto3
36001,Albany,36,p127,rto17
36003,Allegany,36,p127,rto17
36005,Bronx,36,p127,rto17
36007,Broome,36,p127,rto17
36009,Cattaraugus,36,p127,rto17
36011,Cayuga,36,p127,rto17
36013,Chautauqua,36,p127,rto17
36015,Chemung,36,p127,rto17
36017,Chenango,36,p127,rto17
36019,Clinton,36,p127,rto17
36021,Columbia,36,p127,rto17
36023,Cortland,36,p127,rto17
36025,Delaware,36,p127,rto17
36027,Dutchess,36,p127,rto17
36029,Erie,36,p127,rto17
36031,Essex,36,p127,rto17
36033,Franklin,36,p127,rto17
36035,Fulton,36,p127,rto17
36037,Genesee,36,p127,rto17
36039,Greene,36,p127,rto17
36041,Hamilton,36,p127,rto17
36043,Herkimer,36,p127,rto17
36045,Jefferson,36,p127,rto17
36047,Kings,36,p127,rto17
36049,Lewis,36,p127,rto17
36051,Livingston,36,p127,rto17
36053,Madison,36,p127,rto17
36055,Monroe,36,p127,rto17
36057,Montgomery,36,p127,rto17
36059,Nassau,36,p128,rto17
36061,New York,36,p127,rto17
36063,Niagara,36,p127,rto17
36065,Oneida,36,p127,rto17
36067,Onondaga,36,p127,rto17
36069,Ontario,36,p127,rto17
36071,Orange,36,p127,rto17
36073,Orleans,36,p127,rto17
36075,Oswego,36,p127,rto17
36077,Otsego,36,p127,rto17
36079,Putnam,36,p127,rto17
36081,Queens,36,p127,rto17
36083,Rensselaer,36,p127,rto17
36085,Richmond,36,p127,rto17
36087,Rockland,36,p127,rto17
36089,St. Lawrence,36,p127,rto17
36091,Saratoga,36,p127,rto17
36093,Schenectady,36,p127,rto17
36095,Schoharie,36,p127,rto17
36097,Schuyler,36,p127,rto17
36099,Seneca,36,p127,rto17
36101,Steuben,36,p127,rto17
36103,Suffolk,36,p128,rto17
36105,Sullivan,36,p127,rto17
36107,Tioga,36,p127,rto17
36109,Tompkins,36,p127,rto17
36111,Ulster,36,p127,rto17
36113,Warren,36,p127,rto17
36115,Washington,36,p127,rto17
36117,Wayne,36,p127,rto17
36119,Westchester,36,p127,rto17
36121,Wyoming,36,p127,rto17
36123,Yates,36,p127,rto17
37001,Alamance,37,p98,rto15
37003,Alexander,37,p97,rto15
37005,Alleghany,37,p97,rto15
37007,Anson,37,p97,rto15
37009,Ashe,37,p97,rto15
37011,Avery,37,p97,rto15
37013,Beaufort,37,p98,rto15
37015,Bertie,37,p98,rto15
37017,Bladen,37,p98,rto15
37019,Brunswick,37,p98,rto15
37021,Buncombe,37,p97,rto15
37023,Burke,37,p97,rto15
37025,Cabarrus,37,p97,rto15
37027,Caldwell,37,p97,rto15
37029,Camden,37,p98,rto15
37031,Carteret,37,p98,rto15
37033,Caswell,37,p98,rto15
37035,Catawba,37,p97,rto15
37037,Chatham,37,p98,rto15
37039,Cherokee,37,p97,rto15
37041,Chowan,37,p98,rto15
37043,Clay,37,p97,rto15
37045,Cleveland,37,p97,rto15
37047,Columbus,37,p98,rto15
37049,Craven,37,p98,rto15
37051,Cumberland,37,p98,rto15
37053,Currituck,37,p98,rto15
37055,Dare,37,p98,rto15
37057,Davidson,37,p97,rto15
37059,Davie,37,p97,rto15
37061,Duplin,37,p98,rto15
37063,Durham,37,p98,rto15
37065,Edgecombe,37,p98,rto15
37067,Forsyth,37,p97,rto15
37069,Franklin,37,p98,rto15
37071,Gaston,37,p97,rto15
37073,Gates,37,p98,rto15
37075,Graham,37,p97,rto15
37077,Granville,37,p98,rto15
37079,Greene,37,p98,rto15
37081,Guilford,37,p97,rto15
37083,Halifax,37,p98,rto15
37085,Harnett,37,p98,rto15
37087,Haywood,37,p97,rto15
37089,Henderson,37,p97,rto15
37091,Hertford,37,p98,rto15
37093,Hoke,37,p98,rto15
37095,Hyde,37,p98,rto15
37097,Iredell,37,p97,rto15
37099,Jackson,37,p97,rto15
37101,Johnston,37,p98,rto15
37103,Jones,37,p98,rto15
37105,Lee,37,p98,rto15
37107,Lenoir,37,p98,rto15
37109,Lincoln,37,p97,rto15
37111,McDowell,37,p97,rto15
37113,Macon,37,p97,rto15
37115,Madison,37,p97,rto15
37117,Martin,37,p98,rto15
37119,Mecklenburg,37,p97,rto15
37121,Mitchell,37,p97,rto15
37123,Montgomery,37,p98,rto15
37125,Moore,37,p98,rto15
37127,Nash,37,p98,rto15
37129,New Hanover,37,p98,rto15
37131,Northampton,37,p98,rto15
37133,Onslow,37,p98,rto15
37135,Orange,37,p98,rto15
37137,Pamlico,37,p98,rto15
37139,Pasquotank,37,p98,rto15
37141,Pender,37,p98,rto15
37143,Perquimans,37,p98,rto15
37145,Person,37,p98,rto15
37147,Pitt,37,p98,rto15
37149,Polk,37,p97,rto15
37151,Randolph,37,p97,rto15
37153,Richmond,37,p98,rto15
37155,Robeson,37,p98,rto15
37157,Rockingham,37,p97,rto15
37159,Rowan,37,p97,rto15
37161,Rutherford,37,p97,rto15
37163,Sampson,37,p98,rto15
37165,Scotland,37,p98,rto15
37167,Stanly,37,p97,rto15
37169,Stokes,37,p97,rto15
37171,Surry,37,p97,rto15
37173,Swain,37,p97,rto15
37175,Transylvania,37,p97,rto15
37177,Tyrrell,37,p98,rto15
37179,Union,37,p97,rto15
37181,Vance,37,p98,rto15
37183,Wake,37,p98,rto15
37185,Warren,37,p98,rto15
37187,Washington,37,p98,rto15
37189,Watauga,37,p97,rto15
37191,Wayne,37,p98,rto15
37193,Wilkes,37,p97,rto15
37195,Wilson,37,p98,rto15
37197,Yadkin,37,p97,rto15
37199,Yancey,37,p97,rto15
38001,Adams,38,p36,rto11
38003,Barnes,38,p37,rto11
38005,Benson,38,p37,rto11
38007,Billings,38,p36,rto11
38009,Bottineau,38,p37,rto11
38011,Bowman,38,p36,rto11
38013,Burke,38,p36,rto11
38015,Burleigh,38,p36,rto11
38017,Cass,38,p37,rto11
38019,Cavalier,38,p37,rto11
38021,Dickey,38,p36,rto11
38023,Divide,38,p36,rto11
38025,Dunn,38,p36,rto11
38027,Eddy,38,p37,rto11
38029,Emmons,38,p36,rto11
38031,Foster,38,p37,rto11
38033,Golden Valley,38,p36,rto11
38035,Grand Forks,38,p37,rto11
38037,Grant,38,p36,rto11
38039,Griggs,38,p37,rto11
38041,Hettinger,38,p36,rto11
38043,Kidder,38,p37,rto11
38045,LaMoure,38,p37,rto11
38047,Logan,38,p36,rto11
38049,McHenry,38,p37,rto11
38051,McIntosh,38,p36,rto11
38053,McKenzie,38,p36,rto11
38055,McLean,38,p37,rto11
38057,Mercer,38,p36,rto11
38059,Morton,38,p36,rto11
38061,Mountrail,38,p36,rto11
38063,Nelson,38,p37,rto11
38065,Oliver,38,p36,rto11
38067,Pembina,38,p37,rto11
38069,Pierce,38,p37,rto11
38071,Ramsey,38,p37,rto11
38073,Ransom,38,p37,rto11
38075,Renville,38,p36,rto11
38077,Richland,38,p37,rto11
38079,Rolette,38,p37,rto11
38081,Sargent,38,p37,rto11
38083,Sheridan,38,p37,rto11
38085,Sioux,38,p36,rto11
38087,Slope,38,p36,rto11
38089,Stark,38,p36,rto11
38091,Steele,38,p37,rto11
38093,Stutsman,38,p37,rto11
38095,Towner,38,p37,rto11
38097,Traill,38,p37,rto11
38099,Walsh,38,p37,rto11
38101,Ward,38,p37,rto11
38103,Wells,38,p37,rto11
38105,Williams,38,p36,rto11
39001,Adams,39,p112,rto7
39003,Allen,39,p112,rto7
39005,Ashland,39,p112,rto7
39007,Ashtabula,39,p111,rto7
39009,Athens,39,p112,rto7
39011,Auglaize,39,p112,rto7
39013,Belmont,39,p112,rto7
39015,Brown,39,p114,rto7
39017,Butler,39,p114,rto7
39019,Carroll,39,p112,rto7
39021,Champaign,39,p112,rto7
39023,Clark,39,p113,rto7
39025,Clermont,39,p114,rto7
39027,Clinton,39,p113,rto7
39029,Columbiana,39,p111,rto7
39031,Coshocton,39,p112,rto7
39033,Crawford,39,p112,rto7
39035,Cuyahoga,39,p111,rto7
39037,Darke,39,p112,rto7
39039,Defiance,39,p112,rto7
39041,Delaware,39,p112,rto7
39043,Erie,39,p111,rto7
39045,Fairfield,39,p112,rto7
39047,Fayette,39,p113,rto7
39049,Franklin,39,p112,rto7
39051,Fulton,39,p111,rto7
39053,Gallia,39,p112,rto7
39055,Geauga,39,p111,rto7
39057,Greene,39,p113,rto7
39059,Guernsey,39,p112,rto7
39061,Hamilton,39,p114,rto7
39063,Hancock,39,p112,rto7
39065,Hardin,39,p112,rto7
39067,Harrison,39,p112,rto7
39069,Henry,39,p112,rto7
39071,Highland,39,p112,rto7
39073,Hocking,39,p112,rto7
39075,Holmes,39,p112,rto7
39077,Huron,39,p112,rto7
39079,Jackson,39,p112,rto7
39081,Jefferson,39,p112,rto7
39083,Knox,39,p112,rto7
39085,Lake,39,p111,rto7
39087,Lawrence,39,p112,rto7
39089,Licking,39,p112,rto7
39091,Logan,39,p112,rto7
39093,Lorain,39,p111,rto7
39095,Lucas,39,p111,rto7
39097,Madison,39,p113,rto7
39099,Mahoning,39,p111,rto7
39101,Marion,39,p112,rto7
39103,Medina,39,p111,rto7
39105,Meigs,39,p112,rto7
39107,Mercer,39,p112,rto7
39109,Miami,39,p113,rto7
39111,Monroe,39,p112,rto7
39113,Montgomery,39,p113,rto7
39115,Morgan,39,p112,rto7
39117,Morrow,39,p112,rto7
39119,Muskingum,39,p112,rto7
39121,Noble,39,p112,rto7
39123,Ottawa,39,p111,rto7
39125,Paulding,39,p112,rto7
39127,Perry,39,p112,rto7
39129,Pickaway,39,p112,rto7
39131,Pike,39,p112,rto7
39133,Portage,39,p111,rto7
39135,Preble,39,p113,rto7
39137,Putnam,39,p112,rto7
39139,Richland,39,p112,rto7
39141,Ross,39,p112,rto7
39143,Sandusky,39,p111,rto7
39145,Scioto,39,p112,rto7
39147,Seneca,39,p112,rto7
39149,Shelby,39,p112,rto7
39151,Stark,39,p111,rto7
39153,Summit,39,p111,rto7
39155,Trumbull,39,p111,rto7
39157,Tuscarawas,39,p112,rto7
39159,Union,39,p112,rto7
39161,Van Wert,39,p112,rto7
39163,Vinton,39,p112,rto7
39165,Warren,39,p114,rto7
39167,Washington,39,p112,rto7
39169,Wayne,39,p112,rto7
39171,Williams,39,p112,rto7
39173,Wood,39,p111,rto7
39175,Wyandot,39,p112,rto7
40001,Adair,40,p51,rto8
40003,Alfalfa,40,p50,rto8
40005,Atoka,40,p50,rto8
40007,Beaver,40,p49,rto8
40009,Beckham,40,p50,rto8
40011,Blaine,40,p50,rto8
40013,Bryan,40,p50,rto8
40015,Caddo,40,p50,rto8
40017,Canadian,40,p50,rto8
40019,Carter,40,p50,rto8
40021,Cherokee,40,p51,rto8
40023,Choctaw,40,p50,rto8
40025,Cimarron,40,p49,rto8
40027,Cleveland,40,p50,rto8
40029,Coal,40,p50,rto8
40031,Comanche,40,p50,rto8
40033,Cotton,40,p50,rto8
40035,Craig,40,p51,rto8
40037,Creek,40,p51,rto8
40039,Custer,40,p50,rto8
40041,Delaware,40,p51,rto8
40043,Dewey,40,p50,rto8
40045,Ellis,40,p50,rto8
40047,Garfield,40,p50,rto8
40049,Garvin,40,p50,rto8
40051,Grady,40,p50,rto8
40053,Grant,40,p50,rto8
40055,Greer,40,p50,rto8
40057,Harmon,40,p50,rto8
40059,Harper,40,p50,rto8
40061,Haskell,40,p50,rto8
40063,Hughes,40,p50,rto8
40065,Jackson,40,p50,rto8
40067,Jefferson,40,p50,rto8
40069,Johnston,40,p50,rto8
40071,Kay,40,p50,rto8
40073,Kingfisher,40,p50,rto8
40075,Kiowa,40,p50,rto8
40077,Latimer,40,p50,rto8
40079,Le Flore,40,p50,rto8
40081,Lincoln,40,p50,rto8
40083,Logan,40,p50,rto8
40085,Love,40,p50,rto8
40087,McClain,40,p50,rto8
40089,McCurtain,40,p50,rto8
40091,McIntosh,40,p50,rto8
40093,Major,40,p50,rto8
40095,Marshall,40,p50,rto8
40097,Mayes,40,p51,rto8
40099,Murray,40,p50,rto8
40101,Muskogee,40,p51,rto8
40103,Noble,40,p50,rto8
40105,Nowata,40,p51,rto8
40107,Okfuskee,40,p50,rto8
40109,Oklahoma,40,p50,rto8
40111,Okmulgee,40,p51,rto8
40113,Osage,40,p51,rto8
40115,Ottawa,40,p51,rto8
40117,Pawnee,40,p50,rto8
40119,Payne,40,p50,rto8
40121,Pittsburg,40,p50,rto8
40123,Pontotoc,40,p50,rto8
40125,Pottawatomie,40,p50,rto8
40127,Pushmataha,40,p50,rto8
40129,Roger Mills,40,p50,rto8
40131,Rogers,40,p51,rto8
40133,Seminole,40,p50,rto8
40135,Sequoyah,40,p50,rto8
40137,Stephens,40,p50,rto8
40139,Texas,40,p49,rto8
40141,Tillman,40,p50,rto8
40143,Tulsa,40,p51,rto8
40145,Wagoner,40,p51,rto8
40147,Washington,40,p51,rto8
40149,Washita,40,p50,rto8
40151,Woods,40,p50,rto8
40153,Woodward,40,p50,rto8
41001,Baker,41,p7,rto1
41003,Benton,41,p5,rto1
41005,Clackamas,41,p5,rto1
41007,Clatsop,41,p5,rto1
41009,Columbia,41,p5,rto1
41011,Coos,41,p6,rto1
41013,Crook,41,p5,rto1
41015,Curry,41,p6,rto1
41017,Deschutes,41,p5,rto1
41019,Douglas,41,p6,rto1
41021,Gilliam,41,p5,rto1
41023,Grant,41,p5,rto1
41025,Harney,41,p7,rto1
41027,Hood River,41,p5,rto1
41029,Jackson,41,p6,rto1
41031,Jefferson,41,p5,rto1
41033,Josephine,41,p6,rto1
41035,Klamath,41,p6,rto1
41037,Lake,41,p7,rto1
41039,Lane,41,p5,rto1
41041,Lincoln,41,p5,rto1
41043,Linn,41,p5,rto1
41045,Malheur,41,p7,rto1
41047,Marion,41,p5,rto1
41049,Morrow,41,p5,rto1
41051,Multnomah,41,p5,rto1
41053,Polk,41,p5,rto1
41055,Sherman,41,p5,rto1
41057,Tillamook,41,p5,rto1
41059,Umatilla,41,p5,rto1
41061,Union,41,p5,rto1
41063,Wallowa,41,p5,rto1
41065,Wasco,41,p5,rto1
41067,Washington,41,p5,rto1
41069,Wheeler,41,p5,rto1
41071,Yamhill,41,p5,rto1
42001,Adams,42,p122,rto12
42003,Allegheny,42,p115,rto7
42005,Armstrong,42,p115,rto7
42007,Beaver,42,p115,rto7
42009,Bedford,42,p122,rto12
42011,Berks,42,p122,rto12
42013,Blair,42,p122,rto12
42015,Bradford,42,p122,rto12
42017,Bucks,42,p122,rto12
42019,Butler,42,p115,rto7
42021,Cambria,42,p122,rto12
42023,Cameron,42,p119,rto12
42025,Carbon,42,p122,rto12
42027,Centre,42,p119,rto12
42029,Chester,42,p122,rto12
42031,Clarion,42,p122,rto12
42033,Clearfield,42,p122,rto12
42035,Clinton,42,p119,rto12
42037,Columbia,42,p122,rto12
42039,Crawford,42,p122,rto12
42041,Cumberland,42,p122,rto12
42043,Dauphin,42,p122,rto12
42045,Delaware,42,p122,rto12
42047,Elk,42,p119,rto12
42049,Erie,42,p122,rto12
42051,Fayette,42,p115,rto7
42053,Forest,42,p122,rto12
42055,Franklin,42,p120,rto7
42057,Fulton,42,p120,rto7
42059,Greene,42,p115,rto7
42061,Huntingdon,42,p122,rto12
42063,Indiana,42,p122,rto12
42065,Jefferson,42,p122,rto12
42067,Juniata,42,p122,rto12
42069,Lackawanna,42,p122,rto12
42071,Lancaster,42,p122,rto12
42073,Lawrence,42,p122,rto12
42075,Lebanon,42,p122,rto12
42077,Lehigh,42,p122,rto12
42079,Luzerne,42,p122,rto12
42081,Lycoming,42,p122,rto12
42083,McKean,42,p122,rto12
42085,Mercer,42,p122,rto12
42087,Mifflin,42,p122,rto12
42089,Monroe,42,p122,rto12
42091,Montgomery,42,p122,rto12
42093,Montour,42,p122,rto12
42095,Northampton,42,p122,rto12
42097,Northumberland,42,p122,rto12
42099,Perry,42,p122,rto12
42101,Philadelphia,42,p122,rto12
42103,Pike,42,p122,rto12
42105,Potter,42,p119,rto12
42107,Schuylkill,42,p122,rto12
42109,Snyder,42,p122,rto12
42111,Somerset,42,p122,rto12
42113,Sullivan,42,p122,rto12
42115,Susquehanna,42,p122,rto12
42117,Tioga,42,p122,rto12
42119,Union,42,p122,rto12
42121,Venango,42,p122,rto12
42123,Warren,42,p122,rto12
42125,Washington,42,p115,rto7
42127,Wayne,42,p122,rto12
42129,Westmoreland,42,p115,rto7
42131,Wyoming,42,p122,rto12
42133,York,42,p122,rto12
44001,Bristol,44,p133,rto18
44003,Kent,44,p133,rto18
44005,Newport,44,p133,rto18
44007,Providence,44,p133,rto18
44009,Washington,44,p133,rto18
45001,Abbeville,45,p95,rto15
45003,Aiken,45,p96,rto15
45005,Allendale,45,p96,rto15
45007,Anderson,45,p95,rto15
45009,Bamberg,45,p96,rto15
45011,Barnwell,45,p96,rto15
45013,Beaufort,45,p96,rto15
45015,Berkeley,45,p96,rto15
45017,Calhoun,45,p96,rto15
45019,Charleston,45,p96,rto15
45021,Cherokee,45,p95,rto15
45023,Chester,45,p95,rto15
45025,Chesterfield,45,p96,rto15
45027,Clarendon,45,p96,rto15
45029,Colleton,45,p96,rto15
45031,Darlington,45,p96,rto15
45033,Dillon,45,p96,rto15
45035,Dorchester,45,p96,rto15
45037,Edgefield,45,p96,rto15
45039,Fairfield,45,p96,rto15
45041,Florence,45,p96,rto15
45043,Georgetown,45,p96,rto15
45045,Greenville,45,p95,rto15
45047,Greenwood,45,p95,rto15
45049,Hampton,45,p96,rto15
45051,Horry,45,p96,rto15
45053,Jasper,45,p96,rto15
45055,Kershaw,45,p96,rto15
45057,Lancaster,45,p95,rto15
45059,Laurens,45,p95,rto15
45061,Lee,45,p96,rto15
45063,Lexington,45,p96,rto15
45065,McCormick,45,p96,rto15
45067,Marion,45,p96,rto15
45069,Marlboro,45,p96,rto15
45071,Newberry,45,p96,rto15
45073,Oconee,45,p95,rto15
45075,Orangeburg,45,p96,rto15
45077,Pickens,45,p95,rto15
45079,Richland,45,p96,rto15
45081,Saluda,45,p96,rto15
45083,Spartanburg,45,p95,rto15
45085,Sumter,45,p96,rto15
45087,Union,45,p95,rto15
45089,Williamsburg,45,p96,rto15
45091,York,45,p95,rto15
46003,Aurora,46,p38,rto11
46005,Beadle,46,p38,rto11
46007,Bennett,46,p38,rto11
46009,Bon Homme,46,p38,rto11
46011,Brookings,46,p38,rto11
46013,Brown,46,p38,rto11
46015,Brule,46,p38,rto11
46017,Buffalo,46,p38,rto11
46019,Butte,46,p32,rto5
46021,Campbell,46,p38,rto11
46023,Charles Mix,46,p38,rto11
46025,Clark,46,p38,rto11
46027,Clay,46,p38,rto11
46029,Codington,46,p38,rto11
46031,Corson,46,p38,rto11
46033,Custer,46,p32,rto5
46035,Davison,46,p38,rto11
46037,Day,46,p38,rto11
46039,Deuel,46,p38,rto11
46041,Dewey,46,p38,rto11
46043,Douglas,46,p38,rto11
46045,Edmunds,46,p38,rto11
46047,Fall River,46,p32,rto5
46049,Faulk,46,p38,rto11
46051,Grant,46,p38,rto11
46053,Gregory,46,p38,rto11
46055,Haakon,46,p38,rto11
46057,Hamlin,46,p38,rto11
46059,Hand,46,p38,rto11
46061,Hanson,46,p38,rto11
46063,Harding,46,p38,rto11
46065,Hughes,46,p38,rto11
46067,Hutchinson,46,p38,rto11
46069,Hyde,46,p38,rto11
46071,Jackson,46,p38,rto11
46073,Jerauld,46,p38,rto11
46075,Jones,46,p38,rto11
46077,Kingsbury,46,p38,rto11
46079,Lake,46,p38,rto11
46081,Lawrence,46,p32,rto5
46083,Lincoln,46,p38,rto11
46085,Lyman,46,p38,rto11
46087,McCook,46,p38,rto11
46089,McPherson,46,p38,rto11
46091,Marshall,46,p38,rto11
46093,Meade,46,p38,rto11
46095,Mellette,46,p38,rto11
46097,Miner,46,p38,rto11
46099,Minnehaha,46,p38,rto11
46101,Moody,46,p38,rto11
46102,Oglala Lakota,46,p38,rto11
46103,Pennington,46,p32,rto5
46105,Perkins,46,p38,rto11
46107,Potter,46,p38,rto11
46109,Roberts,46,p38,rto11
46111,Sanborn,46,p38,rto11
46115,Spink,46,p38,rto11
46117,Stanley,46,p38,rto11
46119,Sully,46,p38,rto11
46121,Todd,46,p38,rto11
46123,Tripp,46,p38,rto11
46125,Turner,46,p38,rto11
46127,Union,46,p38,rto11
46129,Walworth,46,p38,rto11
46135,Yankton,46,p38,rto11
46137,Ziebach,46,p38,rto11
47001,Anderson,47,p92,rto14
47003,Bedford,47,p92,rto14
47005,Benton,47,p92,rto14
47007,Bledsoe,47,p92,rto14
47009,Blount,47,p92,rto14
47011,Bradley,47,p92,rto14
47013,Campbell,47,p92,rto14
47015,Cannon,47,p92,rto14
47017,Carroll,47,p92,rto14
47019,Carter,47,p92,rto14
47021,Cheatham,47,p92,rto14
47023,Chester,47,p92,rto14
47025,Claiborne,47,p92,rto14
47027,Clay,47,p92,rto14
47029,Cocke,47,p92,rto14
47031,Coffee,47,p92,rto14
47033,Crockett,47,p92,rto14
47035,Cumberland,47,p92,rto14
47037,Davidson,47,p92,rto14
47039,Decatur,47,p92,rto14
47041,DeKalb,47,p92,rto14
47043,Dickson,47,p92,rto14
47045,Dyer,47,p92,rto14
47047,Fayette,47,p92,rto14
47049,Fentress,47,p92,rto14
47051,Franklin,47,p92,rto14
47053,Gibson,47,p92,rto14
47055,Giles,47,p92,rto14
47057,Grainger,47,p92,rto14
47059,Greene,47,p92,rto14
47061,Grundy,47,p92,rto14
47063,Hamblen,47,p92,rto14
47065,Hamilton,47,p92,rto14
47067,Hancock,47,p92,rto14
47069,Hardeman,47,p92,rto14
47071,Hardin,47,p92,rto14
47073,Hawkins,47,p92,rto14
47075,Haywood,47,p92,rto14
47077,Henderson,47,p92,rto14
47079,Henry,47,p92,rto14
47081,Hickman,47,p92,rto14
47083,Houston,47,p92,rto14
47085,Humphreys,47,p92,rto14
47087,Jackson,47,p92,rto14
47089,Jefferson,47,p92,rto14
47091,Johnson,47,p92,rto14
47093,Knox,47,p92,rto14
47095,Lake,47,p92,rto14
47097,Lauderdale,47,p92,rto14
47099,Lawrence,47,p92,rto14
47101,Lewis,47,p92,rto14
47103,Lincoln,47,p92,rto14
47105,Loudon,47,p92,rto14
47107,McMinn,47,p92,rto14
47109,McNairy,47,p92,rto14
47111,Macon,47,p92,rto14
47113,Madison,47,p92,rto14
47115,Marion,47,p92,rto14
47117,Marshall,47,p92,rto14
47119,Maury,47,p92,rto14
47121,Meigs,47,p92,rto14
47123,Monroe,47,p92,rto14
47125,Montgomery,47,p92,rto14
47127,Moore,47,p92,rto14
47129,Morgan,47,p92,rto14
47131,Obion,47,p92,rto14
47133,Overton,47,p92,rto14
47135,Perry,47,p92,rto14
47137,Pickett,47,p92,rto14
47139,Polk,47,p92,rto14
47141,Putnam,47,p92,rto14
47143,Rhea,47,p92,rto14
47145,Roane,47,p92,rto14
47147,Robertson,47,p92,rto14
47149,Rutherford,47,p92,rto14
47151,Scott,47,p92,rto14
47153,Sequatchie,47,p92,rto14
47155,Sevier,47,p92,rto14
47157,Shelby,47,p92,rto14
47159,Smith,47,p92,rto14
47161,Stewart,47,p92,rto14
47163,Sullivan,47,p92,rto14
47165,Sumner,47,p92,rto14
47167,Tipton,47,p92,rto14
47169,Trousdale,47,p92,rto14
47171,Unicoi,47,p92,rto14
47173,Union,47,p92,rto14
47175,Van Buren,47,p92,rto14
47177,Warren,47,p92,rto14
47179,Washington,47,p92,rto14
47181,Wayne,47,p92,rto14
47183,Weakley,47,p92,rto14
47185,White,47,p92,rto14
47187,Williamson,47,p92,rto14
47189,Wilson,47,p92,rto14
48001,Anderson,48,p63,rto10
48003,Andrews,48,p62,rto10
48005,Angelina,48,p63,rto10
48007,Aransas,48,NONE,
48009,Archer,48,p63,rto10
48011,Armstrong,48,p48,rto8
48013,Atascosa,48,p65,rto10
48015,Austin,48,p64,rto10
48017,Bailey,48,p48,rto8
48019,Bandera,48,p64,rto10
48021,Bastrop,48,p64,rto10
48023,Baylor,48,p60,rto10
48025,Bee,48,p65,rto10
48027,Bell,48,p63,rto10
48029,Bexar,48,p65,rto10
48031,Blanco,48,p64,rto10
48033,Borden,48,p60,rto10
48035,Bosque,48,p63,rto10
48037,Bowie,48,p57,rto8
48039,Brazoria,48,p67,rto10
48041,Brazos,48,p64,rto10
48043,Brewster,48,p61,rto10
48045,Briscoe,48,p60,rto10
48047,Brooks,48,p65,rto10
48049,Brown,48,p63,rto10
48051,Burleson,48,p64,rto10
48053,Burnet,48,p64,rto10
48055,Caldwell,48,p64,rto10
48057,Calhoun,48,p65,rto10
48059,Callahan,48,p61,rto10
48061,Cameron,48,p65,rto10
48063,Camp,48,p57,rto8
48065,Carson,48,p48,rto8
48067,Cass,48,p57,rto8
48069,Castro,48,p48,rto8
48071,Chambers,48,p66,rto13
48073,Cherokee,48,p63,rto10
48075,Childress,48,p60,rto10
48077,Clay,48,p63,rto10
48079,Cochran,48,p48,rto8
48081,Coke,48,p61,rto10
48083,Coleman,48,p61,rto10
48085,Collin,48,p63,rto10
48087,Collingsworth,48,p48,rto8
48089,Colorado,48,p64,rto10
48091,Comal,48,p64,rto10
48093,Comanche,48,p63,rto10
48095,Concho,48,p61,rto10
48097,Cooke,48,p63,rto10
48099,Coryell,48,p63,rto10
48101,Cottle,48,p60,rto10
48103,Crane,48,p62,rto10
48105,Crockett,48,p61,rto10
48107,Crosby,48,p60,rto10
48109,Culberson,48,p61,rto10
48111,Dallam,48,p48,rto8
48113,Dallas,48,p63,rto10
48115,Dawson,48,p60,rto10
48117,Deaf Smith,48,p48,rto8
48119,Delta,48,p63,rto10
48121,Denton,48,p63,rto10
48123,DeWitt,48,p64,rto10
48125,Dickens,48,p60,rto10
48127,Dimmit,48,p65,rto10
48129,Donley,48,p48,rto8
48131,Duval,48,p65,rto10
48133,Eastland,48,p63,rto10
48135,Ector,48,p62,rto10
48137,Edwards,48,p64,rto10
48139,Ellis,48,p63,rto10
48141,El Paso,48,p59,rto3
48143,Erath,48,p63,rto10
48145,Falls,48,p63,rto10
48147,Fannin,48,p63,rto10
48149,Fayette,48,p64,rto10
48151,Fisher,48,p60,rto10
48153,Floyd,48,p48,rto8
48155,Foard,48,p60,rto10
48157,Fort Bend,48,p67,rto10
48159,Franklin,48,p63,rto10
48161,Freestone,48,p63,rto10
48163,Frio,48,p65,rto10
48165,Gaines,48,p48,rto8
48167,Galveston,48,p67,rto10
48169,Garza,48,p48,rto8
48171,Gillespie,48,p64,rto10
48173,Glasscock,48,p62,rto10
48175,Goliad,48,p65,rto10
48177,Gonzales,48,p64,rto10
48179,Gray,48,p48,rto8
48181,Grayson,48,p63,rto10
48183,Gregg,48,p57,rto8
48185,Grimes,48,p64,rto10
48187,Guadalupe,48,p64,rto10
48189,Hale,48,p48,rto8
48191,Hall,48,p60,rto10
48193,Hamilton,48,p63,rto10
48195,Hansford,48,p48,rto8
48197,Hardeman,48,p60,rto10
48199,Hardin,48,p66,rto13
48201,Harris,48,p67,rto10
48203,Harrison,48,p57,rto8
48205,Hartley,48,p48,rto8
48207,Haskell,48,p60,rto10
48209,Hays,48,p64,rto10
48211,Hemphill,48,p48,rto8
48213,Henderson,48,p63,rto10
48215,Hidalgo,48,p65,rto10
48217,Hill,48,p63,rto10
48219,Hockley,48,p48,rto8
48221,Hood,48,p63,rto10
48223,Hopkins,48,p63,rto10
48225,Houston,48,p63,rto10
48227,Howard,48,p60,rto10
48229,Hudspeth,48,p61,rto10
48231,Hunt,48,p63,rto10
48233,Hutchinson,48,p48,rto8
48235,Irion,48,p61,rto10
48237,Jack,48,p63,rto10
48239,Jackson,48,p65,rto10
48241,Jasper,48,p66,rto13
48243,Jeff Davis,48,p61,rto10
48245,Jefferson,48,p66,rto13
48247,Jim Hogg,48,p65,rto10
48249,Jim Wells,48,p65,rto10
48251,Johnson,48,p63,rto10
48253,Jones,48,p60,rto10
48255,Karnes,48,p65,rto10
48257,Kaufman,48,p63,rto10
48259,Kendall,48,p64,rto10
48261,Kenedy,48,p65,rto10
48263,Kent,48,p60,rto10
48265,Kerr,48,p64,rto10
48267,Kimble,48,p64,rto10
48269,King,48,p60,rto10
48271,Kinney,48,p61,rto10
48273,Kleberg,48,p65,rto10
48275,Knox,48,p60,rto10
48277,Lamar,48,p63,rto10
48279,Lamb,48,p48,rto8
48281,Lampasas,48,p63,rto10
48283,La Salle,48,p65,rto10
48285,Lavaca,48,p64,rto10
48287,Lee,48,p64,rto10
48289,Leon,48,p63,rto10
48291,Liberty,48,p66,rto13
48293,Limestone,48,p63,rto10
48295,Lipscomb,48,p48,rto8
48297,Live Oak,48,p65,rto10
48299,Llano,48,p64,rto10
48301,Loving,48,p62,rto10
48303,Lubbock,48,p48,rto8
48305,Lynn,48,p48,rto8
48307,McCulloch,48,p63,rto10
48309,McLennan,48,p63,rto10
48311,McMullen,48,p65,rto10
48313,Madison,48,p63,rto10
48315,Marion,48,p57,rto8
48317,Martin,48,p62,rto10
48319,Mason,48,p64,rto10
48321,Matagorda,48,p65,rto10
48323,Maverick,48,p65,rto10
48325,Medina,48,p65,rto10
48327,Menard,48,p64,rto10
48329,Midland,48,p62,rto10
48331,Milam,48,p63,rto10
48333,Mills,48,p63,rto10
48335,Mitchell,48,p60,rto10
48337,Montague,48,p63,rto10
48339,Montgomery,48,p66,rto13
48341,Moore,48,p48,rto8
48343,Morris,48,p57,rto8
48345,Motley,48,p60,rto10
48347,Nacogdoches,48,p66,rto13
48349,Navarro,48,p63,rto10
48351,Newton,48,p66,rto13
48353,Nolan,48,p60,rto10
48355,Nueces,48,p65,rto10
48357,Ochiltree,48,p48,rto8
48359,Oldham,48,p48,rto8
48361,Orange,48,p66,rto13
48363,Palo Pinto,48,p63,rto10
48365,Panola,48,p57,rto8
48367,Parker,48,p63,rto10
48369,Parmer,48,p48,rto8
48371,Pecos,48,p61,rto10
48373,Polk,48,p66,rto13
48375,Potter,48,p48,rto8
48377,Presidio,48,p61,rto10
48379,Rains,48,p63,rto10
48381,Randall,48,p48,rto8
48383,Reagan,48,p62,rto10
48385,Real,48,p64,rto10
48387,Red River,48,p63,rto10
48389,Reeves,48,p61,rto10
48391,Refugio,48,p65,rto10
48393,Roberts,48,p48,rto8
48395,Robertson,48,p63,rto10
48397,Rockwall,48,p63,rto10
48399,Runnels,48,p61,rto10
48401,Rusk,48,p63,rto10
48403,Sabine,48,p66,rto13
48405,San Augustine,48,p66,rto13
48407,San Jacinto,48,p66,rto13
48409,San Patricio,48,p65,rto10
48411,San Saba,48,p63,rto10
48413,Schleicher,48,p61,rto10
48415,Scurry,48,p60,rto10
48417,Shackelford,48,p63,rto10
48419,Shelby,48,p66,rto13
48421,Sherman,48,p48,rto8
48423,Smith,48,p63,rto10
48425,Somervell,48,p63,rto10
48427,Starr,48,p65,rto10
48429,Stephens,48,p63,rto10
48431,Sterling,48,p61,rto10
48433,Stonewall,48,p60,rto10
48435,Sutton,48,p61,rto10
48437,Swisher,48,p48,rto8
48439,Tarrant,48,p63,rto10
48441,Taylor,48,p61,rto10
48443,Terrell,48,p61,rto10
48445,Terry,48,p48,rto8
48447,Throckmorton,48,p63,rto10
48449,Titus,48,p57,rto8
48451,Tom Green,48,p61,rto10
48453,Travis,48,p64,rto10
48455,Trinity,48,p66,rto13
48457,Tyler,48,p66,rto13
48459,Upshur,48,p57,rto8
48461,Upton,48,p62,rto10
48463,Uvalde,48,p65,rto10
48465,Val Verde,48,p61,rto10
48467,Van Zandt,48,p63,rto10
48469,Victoria,48,p65,rto10
48471,Walker,48,p64,rto10
48473,Waller,48,p64,rto10
48475,Ward,48,p62,rto10
48477,Washington,48,p64,rto10
48479,Webb,48,p65,rto10
48481,Wharton,48,p65,rto10
48483,Wheeler,48,p48,rto8
48485,Wichita,48,p63,rto10
48487,Wilbarger,48,p60,rto10
48489,Willacy,48,p65,rto10
48491,Williamson,48,p64,rto10
48493,Wilson,48,p65,rto10
48495,Winkler,48,p62,rto10
48497,Wise,48,p63,rto10
48499,Wood,48,p63,rto10
48501,Yoakum,48,p48,rto8
48503,Young,48,p63,rto10
48505,Zapata,48,p65,rto10
48507,Zavala,48,p65,rto10
49001,Beaver,49,p25,rto2
49003,Box Elder,49,p25,rto2
49005,Cache,49,p25,rto2
49007,Carbon,49,p25,rto2
49009,Daggett,49,p26,rto2
49011,Davis,49,p25,rto2
49013,Duchesne,49,p26,rto2
49015,Emery,49,p25,rto2
49017,Garfield,49,p25,rto2
49019,Grand,49,p25,rto2
49021,Iron,49,p25,rto2
49023,Juab,49,p25,rto2
49025,Kane,49,p25,rto2
49027,Millard,49,p25,rto2
49029,Morgan,49,p26,rto2
49031,Piute,49,p25,rto2
49033,Rich,49,p26,rto2
49035,Salt Lake,49,p25,rto2
49037,San Juan,49,p25,rto2
49039,Sanpete,49,p25,rto2
49041,Sevier,49,p25,rto2
49043,Summit,49,p26,rto2
49045,Tooele,49,p25,rto2
49047,Uintah,49,p26,rto2
49049,Utah,49,p25,rto2
49051,Wasatch,49,p26,rto2
49053,Washington,49,p25,rto2
49055,Wayne,49,p25,rto2
49057,Weber,49,p25,rto2
50001,Addison,50,p129,rto18
50003,Bennington,50,p129,rto18
50005,Caledonia,50,p129,rto18
50007,Chittenden,50,p129,rto18
50009,Essex,50,p129,rto18
50011,Franklin,50,p129,rto18
50013,Grand Isle,50,p129,rto18
50015,Lamoille,50,p129,rto18
50017,Orange,50,p129,rto18
50019,Orleans,50,p129,rto18
50021,Rutland,50,p129,rto18
50023,Washington,50,p129,rto18
50025,Windham,50,p129,rto18
50027,Windsor,50,p129,rto18
51001,Accomack,51,p124,rto12
51003,Albemarle,51,p99,rto7
51005,Alleghany,51,p99,rto7
51007,Amelia,51,p99,rto7
51009,Amherst,51,p118,rto7
51011,Appomattox,51,p99,rto7
51013,Arlington,51,p99,rto7
51015,Augusta,51,p99,rto7
51017,Bath,51,p99,rto7
51019,Bedford,51,p118,rto7
51021,Bland,51,p118,rto7
51023,Botetourt,51,p118,rto7
51025,Brunswick,51,p99,rto7
51027,Buchanan,51,p118,rto7
51029,Buckingham,51,p99,rto7
51031,Campbell,51,p99,rto7
51033,Caroline,51,p99,rto7
51035,Carroll,51,p118,rto7
51036,Charles City,51,p99,rto7
51037,Charlotte,51,p99,rto7
51041,Chesterfield,51,p99,rto7
51043,Clarke,51,p100,rto7
51045,Craig,51,p118,rto7
51047,Culpeper,51,p99,rto7
51049,Cumberland,51,p99,rto7
51051,Dickenson,51,p118,rto7
51053,Dinwiddie,51,p99,rto7
51057,Essex,51,p99,rto7
51059,Fairfax,51,p99,rto7
51061,Fauquier,51,p99,rto7
51063,Floyd,51,p118,rto7
51065,Fluvanna,51,p99,rto7
51067,Franklin,51,p118,rto7
51069,Frederick,51,p100,rto7
51071,Giles,51,p118,rto7
51073,Gloucester,51,p99,rto7
51075,Goochland,51,p99,rto7
51077,Grayson,51,p118,rto7
51079,Greene,51,p100,rto7
51081,Greensville,51,p99,rto7
51083,Halifax,51,p99,rto7
51085,Hanover,51,p99,rto7
51087,Henrico,51,p99,rto7
51089,Henry,51,p118,rto7
51091,Highland,51,p99,rto7
51093,Isle of Wight,51,p99,rto7
51095,James City,51,p99,rto7
51097,King and Queen,51,p99,rto7
51099,King George,51,p99,rto7
51101,King William,51,p99,rto7
51103,Lancaster,51,p99,rto7
51105,Lee,51,p118,rto7
51107,Loudoun,51,p99,rto7
51109,Louisa,51,p99,rto7
51111,Lunenburg,51,p99,rto7
51113,Madison,51,p100,rto7
51115,Mathews,51,p99,rto7
51117,Mecklenburg,51,p99,rto7
51119,Middlesex,51,p99,rto7
51121,Montgomery,51,p118,rto7
51125,Nelson,51,p118,rto7
51127,New Kent,51,p99,rto7
51131,Northampton,51,NONE,
51133,Northumberland,51,p99,rto7
51135,Nottoway,51,p99,rto7
51137,Orange,51,p99,rto7
51139,Page,51,p100,rto7
51141,Patrick,51,p118,rto7
51143,Pittsylvania,51,p99,rto7
51145,Powhatan,51,p99,rto7
51147,Prince Edward,51,p99,rto7
51149,Prince George,51,p99,rto7
51153,Prince William,51,p99,rto7
51155,Pulaski,51,p118,rto7
51157,Rappahannock,51,p100,rto7
51159,Richmond,51,p99,rto7
51161,Roanoke,51,p118,rto7
51163,Rockbridge,51,p99,rto7
51165,Rockingham,51,p99,rto7
51167,Russell,51,p118,rto7
51169,Scott,51,p118,rto7
51171,Shenandoah,51,p99,rto7
51173,Smyth,51,p118,rto7
51175,Southampton,51,p99,rto7
51177,Spotsylvania,51,p99,rto7
51179,Stafford,51,p99,rto7
51181,Surry,51,p99,rto7
51183,Sussex,51,p99,rto7
51185,Tazewell,51,p118,rto7
51187,Warren,51,p100,rto7
51191,Washington,51,p118,rto7
51193,Westmoreland,51,p99,rto7
51195,Wise,51,p118,rto7
51197,Wythe,51,p118,rto7
51199,York,51,p99,rto7
51510,Alexandria,51,p99,rto7
51520,Bristol,51,p118,rto7
51530,Buena Vista,51,p99,rto7
51540,Charlottesville,51,p99,rto7
51550,Chesapeake,51,p99,rto7
51570,Colonial Heights,51,p99,rto7
51580,Covington,51,p99,rto7
51590,Danville,51,p99,rto7
51595,Emporia,51,p99,rto7
51600,Fairfax,51,p99,rto7
51610,Falls Church,51,p99,rto7
51620,Franklin,51,p99,rto7
51630,Fredericksburg,51,p99,rto7
51640,Galax,51,p118,rto7
51650,Hampton,51,p99,rto7
51660,Harrisonburg,51,p99,rto7
51670,Hopewell,51,p99,rto7
51678,Lexington,51,p99,rto7
51680,Lynchburg,51,p118,rto7
51683,Manassas,51,p99,rto7
51685,Manassas Park,51,p99,rto7
51690,Martinsville,51,p118,rto7
51700,Newport News,51,p99,rto7
51710,Norfolk,51,p99,rto7
51720,Norton,51,p118,rto7
51730,Petersburg,51,p99,rto7
51735,Poquoson,51,p99,rto7
51740,Portsmouth,51,p99,rto7
51750,Radford,51,p118,rto7
51760,Richmond,51,p99,rto7
51770,Roanoke,51,p118,rto7
51775,Salem,51,p118,rto7
51790,Staunton,51,p99,rto7
51800,Suffolk,51,p99,rto7
51810,Virginia Beach,51,p99,rto7
51820,Waynesboro,51,p99,rto7
51830,Williamsburg,51,p99,rto7
51840,Winchester,51,p100,rto7
53001,Adams,53,p3,rto1
53003,Asotin,53,p2,rto1
53005,Benton,53,p2,rto1
53007,Chelan,53,p1,rto1
53009,Clallam,53,p2,rto1
53011,Clark,53,p2,rto1
53013,Columbia,53,p2,rto1
53015,Cowlitz,53,p2,rto1
53017,Douglas,53,p4,rto1
53019,Ferry,53,p3,rto1
53021,Franklin,53,p3,rto1
53023,Garfield,53,p2,rto1
53025,Grant,53,p4,rto1
53027,Grays Harbor,53,p2,rto1
53029,Island,53,NONE,
53031,Jefferson,53,p2,rto1
53033,King,53,p1,rto1
53035,Kitsap,53,NONE,
53037,Kittitas,53,p1,rto1
53039,Klickitat,53,p2,rto1
53041,Lewis,53,p2,rto1
53043,Lincoln,53,p3,rto1
53045,Mason,53,p2,rto1
53047,Okanogan,53,p3,rto1
53049,Pacific,53,p2,rto1
53051,Pend Oreille,53,p3,rto1
53053,Pierce,53,p1,rto1
53055,San Juan,53,p1,rto1
53057,Skagit,53,p1,rto1
53059,Skamania,53,p2,rto1
53061,Snohomish,53,p1,rto1
53063,Spokane,53,p3,rto1
53065,Stevens,53,p3,rto1
53067,Thurston,53,p1,rto1
53069,Wahkiakum,53,p2,rto1
53071,Walla Walla,53,p2,rto1
53073,Whatcom,53,p1,rto1
53075,Whitman,53,p3,rto1
53077,Yakima,53,p2,rto1
54001,Barbour,54,p116,rto7
54003,Berkeley,54,p116,rto7
54005,Boone,54,p117,rto7
54007,Braxton,54,p116,rto7
54009,Brooke,54,p116,rto7
54011,Cabell,54,p117,rto7
54013,Calhoun,54,p116,rto7
54015,Clay,54,p116,rto7
54017,Doddridge,54,p116,rto7
54019,Fayette,54,p117,rto7
54021,Gilmer,54,p116,rto7
54023,Grant,54,p116,rto7
54025,Greenbrier,54,p116,rto7
54027,Hampshire,54,p116,rto7
54029,Hancock,54,p116,rto7
54031,Hardy,54,p116,rto7
54033,Harrison,54,p116,rto7
54035,Jackson,54,p116,rto7
54037,Jefferson,54,p116,rto7
54039,Kanawha,54,p117,rto7
54041,Lewis,54,p116,rto7
54043,Lincoln,54,p117,rto7
54045,Logan,54,p117,rto7
54047,McDowell,54,p117,rto7
54049,Marion,54,p116,rto7
54051,Marshall,54,p116,rto7
54053,Mason,54,p117,rto7
54055,Mercer,54,p117,rto7
54057,Mineral,54,p116,rto7
54059,Mingo,54,p117,rto7
54061,Monongalia,54,p116,rto7
54063,Monroe,54,p116,rto7
54065,Morgan,54,p116,rto7
54067,Nicholas,54,p116,rto7
54069,Ohio,54,p116,rto7
54071,Pendleton,54,p116,rto7
54073,Pleasants,54,p116,rto7
54075,Pocahontas,54,p116,rto7
54077,Preston,54,p116,rto7
54079,Putnam,54,p117,rto7
54081,Raleigh,54,p117,rto7
54083,Randolph,54,p116,rto7
54085,Ritchie,54,p116,rto7
54087,Roane,54,p116,rto7
54089,Summers,54,p116,rto7
54091,Taylor,54,p116,rto7
54093,Tucker,54,p116,rto7
54095,Tyler,54,p116,rto7
54097,Upshur,54,p116,rto7
54099,Wayne,54,p117,rto7
54101,Webster,54,p116,rto7
54103,Wetzel,54,p116,rto7
54105,Wirt,54,p116,rto7
54107,Wood,54,p116,rto7
54109,Wyoming,54,p117,rto7
55001,Adams,55,p76,rto6
55003,Ashland,55,p46,rto11
55005,Barron,55,p46,rto11
55007,Bayfield,55,p46,rto11
55009,Brown,55,p75,rto6
55011,Buffalo,55,p46,rto11
55013,Burnett,55,p46,rto11
55015,Calumet,55,p76,rto6
55017,Chippewa,55,p46,rto11
55019,Clark,55,p46,rto11
55021,Columbia,55,p76,rto6
55023,Crawford,55,p77,rto11
55025,Dane,55,p78,rto6
55027,Dodge,55,p76,rto6
55029,Door,55,p75,rto6
55031,Douglas,55,p46,rto11
55033,Dunn,55,p46,rto11
55035,Eau Claire,55,p46,rto11
55037,Florence,55,p75,rto6
55039,Fond du Lac,55,p76,rto6
55041,Forest,55,p75,rto6
55043,Grant,55,p77,rto11
55045,Green,55,p78,rto6
55047,Green Lake,55,p76,rto6
55049,Iowa,55,p77,rto11
55051,Iron,55,p46,rto11
55053,Jackson,55,p77,rto11
55055,Jefferson,55,p79,rto6
55057,Juneau,55,p76,rto6
55059,Kenosha,55,p79,rto6
55061,Kewaunee,55,p75,rto6
55063,La Crosse,55,p46,rto11
55065,Lafayette,55,p77,rto11
55067,Langlade,55,p75,rto6
55069,Lincoln,55,p75,rto6
55071,Manitowoc,55,p75,rto6
55073,Marathon,55,p75,rto6
55075,Marinette,55,p75,rto6
55077,Marquette,55,p76,rto6
55078,Menominee,55,p76,rto6
55079,Milwaukee,55,p79,rto6
55081,Monroe,55,p77,rto11
55083,Oconto,55,p75,rto6
55085,Oneida,55,p75,rto6
55087,Outagamie,55,p76,rto6
55089,Ozaukee,55,p79,rto6
55091,Pepin,55,p46,rto11
55093,Pierce,55,p46,rto11
55095,Polk,55,p46,rto11
55097,Portage,55,p75,rto6
55099,Price,55,p46,rto11
55101,Racine,55,p79,rto6
55103,Richland,55,p77,rto11
55105,Rock,55,p78,rto6
55107,Rusk,55,p46,rto11
55109,St. Croix,55,p46,rto11
55111,Sauk,55,p77,rto11
55113,Sawyer,55,p46,rto11
55115,Shawano,55,p76,rto6
55117,Sheboygan,55,p79,rto6
55119,Taylor,55,p46,rto11
55121,Trempealeau,55,p46,rto11
55123,Vernon,55,p77,rto11
55125,Vilas,55,p75,rto6
55127,Walworth,55,p79,rto6
55129,Washburn,55,p46,rto11
55131,Washington,55,p79,rto6
55133,Waukesha,55,p79,rto6
55135,Waupaca,55,p76,rto6
55137,Waushara,55,p76,rto6
55139,Winnebago,55,p76,rto6
55141,Wood,55,p76,rto6
56001,Albany,56,p24,rto5
56003,Big Horn,56,p21,rto2
56005,Campbell,56,p23,rto5
56007,Carbon,56,p24,rto5
56009,Converse,56,p24,rto5
56011,Crook,56,p23,rto5
56013,Fremont,56,p21,rto2
56015,Goshen,56,p24,rto5
56017,Hot Springs,56,p21,rto2
56019,Johnson,56,p22,rto2
56021,Laramie,56,p24,rto5
56023,Lincoln,56,p21,rto2
56025,Natrona,56,p24,rto5
56027,Niobrara,56,p24,rto5
56029,Park,56,p21,rto2
56031,Platte,56,p24,rto5
56033,Sheridan,56,p22,rto2
56035,Sublette,56,p21,rto2
56037,Sweetwater,56,p21,rto2
56039,Teton,56,p21,rto2
56041,Uinta,56,p21,rto2
56043,Washakie,56,p21,rto2
56045,Weston,56,p23,rto5
60010,Eastern,60,NONE,
60020,Manu'a,60,NONE,
60030,Rose Island,60,NONE,
60040,Swains Island,60,NONE,
60050,Western,60,NONE,
66010,Guam,66,NONE,
69085,Northern Islands,69,NONE,
69100,Rota,69,NONE,
69110,Saipan,69,NONE,
69120,Tinian,69,NONE,
72001,Adjuntas,72,NONE,
72003,Aguada,72,NONE,
72005,Aguadilla,72,NONE,
72007,Aguas Buenas,72,NONE,
72009,Aibonito,72,NONE,
72011,Añasco,72,NONE,
72013,Arecibo,72,NONE,
72015,Arroyo,72,NONE,
72017,Barceloneta,72,NONE,
72019,Barranquitas,72,NONE,
72021,Bayamón,72,NONE,
72023,Cabo Rojo,72,NONE,
72025,Caguas,72,NONE,
72027,Camuy,72,NONE,
72029,Canóvanas,72,NONE,
72031,Carolina,72,NONE,
72033,Cataño,72,NONE,
72035,Cayey,72,NONE,
72037,Ceiba,72,NONE,
72039,Ciales,72,NONE,
72041,Cidra,72,NONE,
72043,Coamo,72,NONE,
72045,Comerío,72,NONE,
72047,Corozal,72,NONE,
72049,Culebra,72,NONE,
72051,Dorado,72,NONE,
72053,Fajardo,72,NONE,
72054,Florida,72,NONE,
72055,Guánica,72,NONE,
72057,Guayama,72,NONE,
72059,Guayanilla,72,NONE,
72061,Guaynabo,72,NONE,
72063,Gurabo,72,NONE,
72065,Hatillo,72,NONE,
72067,Hormigueros,72,NONE,
72069,Humacao,72,NONE,
72071,Isabela,72,NONE,
72073,Jayuya,72,NONE,
72075,Juana Díaz,72,NONE,
72077,Juncos,72,NONE,
72079,Lajas,72,NONE,
72081,Lares,72,NONE,
72083,Las Marías,72,NONE,
72085,Las Piedras,72,NONE,
72087,Loíza,72,NONE,
72089,Luquillo,72,NONE,
72091,Manatí,72,NONE,
72093,Maricao,72,NONE,
72095,Maunabo,72,NONE,
72097,Mayagüez,72,NONE,
72099,Moca,72,NONE,
72101,Morovis,72,NONE,
72103,Naguabo,72,NONE,
72105,Naranjito,72,NONE,
72107,Orocovis,72,NONE,
72109,Patillas,72,NONE,
72111,Peñuelas,72,NONE,
72113,Ponce,72,NONE,
72115,Quebradillas,72,NONE,
72117,Rincón,72,NONE,
72119,Río Grande,72,NONE,
72121,Sabana Grande,72,NONE,
72123,Salinas,72,NONE,
72125,San Germán,72,NONE,
72127,San Juan,72,NONE,
72129,San Lorenzo,72,NONE,
72131,San Sebastián,72,NONE,
72133,Santa Isabel,72,NONE,
72135,Toa Alta,72,NONE,
72137,Toa Baja,72,NONE,
72139,Trujillo Alto,72,NONE,
72141,Utuado,72,NONE,
72143,Vega Alta,72,NONE,
72145,Vega Baja,72,NONE,
72147,Vieques,72,NONE,
72149,Villalba,72,NONE,
72151,Yabucoa,72,NONE,
72153,Yauco,72,NONE,
78010,St. Croix,78,NONE,
78020,St. John,78,NONE,
78030,St. Thomas,78,NONE,
