Date,AL,AK,AZ,AR,CA,CO,CT,DE,FL,GA,ID,IL,IN,IA,KS,KY,LA,ME,MD,MA,MI,MN,MS,MO,MT,NE,NV,NH,NJ,NM,NY,NC,ND,OH,OK,OR,PA,RI,SC,SD,TN,TX,UT,VT,VA,WA,WV,WI,WY
Jan-2001,9.55,1.57,7.01,8.18,7.75,9.36,10.11,7.37,8.27,10.05,4.76,10.56,9.25,9.54,8.77,8.55,9.7,9.56,11.6,8.04,4.35,11.79,11.59,7.92,4.63,7.89,4.99,11.2,10.28,2.91,9.39,11.88,9.79,5.9,9.41,6.2,8.64,9.06,10.65,7.83,9.14,9.34,6.58,8.05,9.15,7.95,8.8,12.16,6.17
Feb-2001,8.54,1.55,6.49,7.46,9.34,10.07,11.82,4.61,8.02,9.35,5.44,9.55,8.48,8.44,10.38,8.47,6.97,9.56,14.47,8.71,4.4,6.7,7.72,10.53,5.95,8.64,6.65,11.38,11.4,3.32,10.92,7.75,7.06,8.25,8.1,5.92,7.08,8.02,7.9,8.75,10.57,6.35,6.3,6.35,8.67,6.69,6.57,8.19,6.17
Mar-2001,6.61,1.56,6.19,6.97,9.84,10.38,8.37,11.53,9.74,7.56,6.21,8.26,12.91,9.52,7.59,8.09,5.81,9.83,10.27,11.8,4.46,5.96,6.09,10.14,4.89,7.19,6.69,12.53,6.76,3.24,9.08,8.32,5.79,7.72,8.05,5.85,8.89,7.44,6.86,6.42,7.77,5.24,5.88,5.43,7.72,3.47,5.31,7.75,6.74
Apr-2001,7.01,1.51,6.1,5.39,10.06,7.4,8.23,7.36,8.61,6.07,6.74,7.06,9.81,7.96,7.09,7.29,5.77,9.95,9.58,11.09,4.4,6.18,6.16,9.45,4.79,6.89,6.27,10.72,6.6,6.29,7.92,7.26,5.81,7.61,8.23,5.79,8.35,7.27,6.84,5.66,7.2,5.36,5.52,4.69,5.6,5.91,6.25,8.35,7.08
May-2001,6.53,1.53,5.97,6.39,7.53,6.89,7.19,8.2,6.66,5.8,6.44,6.31,10.26,6.35,6.09,6.31,5.43,9.13,8.95,10.44,5.76,5.51,6.13,8.91,4.96,5.39,6.76,9.39,5.5,4.06,8.17,7.34,5.45,5.24,8.25,5.78,7.2,7.13,6.58,5.89,6.96,4.8,5.14,5.03,5.08,5.6,5.66,7.34,6.98
Jun-2001,5.81,1.49,6,5.74,7.09,6.77,6.24,6.89,7.56,5.01,6.23,6.24,9.21,8.08,5.29,5.9,5.18,7.98,8.49,9.23,5.77,4.28,4.61,8.7,5.9,4.8,6.78,9.54,5.74,3.17,7.31,6.07,4.49,8.45,8.19,5.58,6.68,6.24,5.15,5.62,8.47,3.89,4.42,4.87,4.37,7.12,4.27,6.62,6.83
Jul-2001,5.66,1.74,4.79,5.99,5.17,6.64,3.13,6.65,6.92,4.55,6.51,4.99,12.67,5.35,4.78,5.58,4.49,8.06,6.31,8.98,5.32,3.77,4.85,8.15,6.07,4.34,6.34,8.21,4.54,3.28,4.84,5.83,3.67,5.74,8.63,5.52,6.04,5.24,4.58,5.13,5.56,3.45,4.89,4.73,2.73,4.9,3.8,5.12,7.1
Aug-2001,5.3,1.75,7.06,5.56,4.68,6.64,4.62,6.54,6.22,4.21,6.75,5.18,9.57,5.74,4.48,5.1,4.18,6.65,6.06,8.99,5.24,3.69,4.27,8.2,6.56,4.46,6.58,5.8,4.61,2.79,4.59,5.45,3.81,4.87,6.96,5.58,5.66,5.91,4.42,5.09,5.18,3.43,4.99,4.4,3.89,3.78,3.63,5.09,7.08
Sep-2001,4.75,1.76,6.23,5.57,3.83,6.7,5.22,6.29,5.76,3.78,7.99,4.53,5.46,5.26,4.65,4.29,4.12,8.25,6.2,9.79,5.18,3.67,4.04,7.78,6.56,3.9,6.62,4.59,4.87,2.48,7.11,5.3,3.1,7,6.82,5.71,5.8,5.76,3.9,5.01,5.52,2.62,4.93,4.38,4.85,4.72,3.48,4.52,6.89
Oct-2001,4.56,1.82,6.13,5.37,3.31,5.59,4.61,6.19,5.66,3,7.1,3.7,3.85,3.87,3.29,4.78,3.54,5.75,6,7.62,5.15,2.48,3.79,7.63,5.79,3.38,8.35,3.71,4.02,2.57,4.94,5.33,2.5,5.47,7.47,6.62,4.69,4.85,3.38,4.26,4.84,2.32,4.26,4.45,4.24,3.82,3.63,3.63,7.08
Nov-2001,4.83,1.79,6.44,5.83,3.4,4.12,5.15,5.68,4.51,4.52,7.17,3.54,7.01,4.25,3.09,5.09,3.85,4.42,7,7.95,5.17,4.01,4.68,7.61,4.84,4.11,8.57,5.27,4.29,2.28,5.06,4.9,4.04,4.87,6.77,7.25,6.87,5.65,4.59,4.06,4.25,3.1,5.05,4.31,5.59,3.99,4.17,5.99,4.09
Dec-2001,4.72,1.86,6.71,5.74,3.75,5.12,5.92,6.11,4.24,3.39,8.76,4.34,3.34,3.42,3.99,4.77,3.59,4.6,6.62,8.07,5.14,4.14,3.72,2.74,4.68,4.06,7.24,4.6,4.76,2.82,6.41,5.14,3.36,5.13,6.95,7.25,6.38,6.48,3.99,4.05,5.2,2.66,4.91,4.24,4.49,4.31,5.02,5.57,3.95
Jan-2002,5.87,1.74,7.11,5.6,5.51,6.99,5.31,6.58,5.51,4.07,7.8,4,7.27,4.97,4.67,4.88,3.36,9.38,8.1,8.18,4.95,3.47,4.1,6.13,3.01,4.18,7.71,7.26,4.15,4.44,6.18,5.02,3.61,6.04,6.55,7.41,6.92,4.76,4,4.16,5.5,2.85,4.97,4.46,5.86,5.62,3.58,5.3,5.55
Feb-2002,5.7,1.68,7.14,5.78,4.5,7.76,4.97,6.02,5.35,3.67,7.81,4.45,5.92,4.57,4.36,4.69,2.97,8.81,6.51,7.38,5.02,3.48,3.85,5.43,2.73,3.69,7.01,11.68,4.56,4.32,5.86,4.59,3.09,5.64,6.72,7.39,6.72,4.46,3.39,4.12,5.25,2.46,4.75,4.4,4.93,5.62,3.44,4.79,5.52
Mar-2002,5.22,1.66,6.87,5.52,4.25,5.79,4.95,6.11,5.41,3.48,8.24,4.24,4.39,4.89,3.55,4.15,3.29,8.44,7.18,7.18,4.99,3.45,3.73,5.13,2.61,4,7.85,7.33,4.15,3.59,5.97,3.57,5.34,5.26,6.7,7.3,6.85,4.16,3.7,4.1,5.41,2.82,4.6,4.36,5.13,4.86,3.71,4.83,5.47
Apr-2002,5.22,1.64,6.41,5.56,5.48,5.13,4.15,6.16,4.67,4.65,7.91,4.64,6.85,4.97,3.54,4.57,3.41,8.08,6.55,6.95,4.83,4.5,4.37,6.03,2.51,4.48,6.73,7.71,4.84,3.12,5.64,4.6,4.49,5.49,7.21,7.16,6.45,4.65,4.33,4.08,5.33,2.95,4.64,4.08,4.93,5.1,4.37,5.47,5.49
May-2002,5.82,1.62,6.31,5.69,4.84,4.85,4.88,5.47,5.27,6.74,7.94,5.77,7.28,5.35,3.53,4.5,3.67,7.33,8.66,7.56,4.95,3.93,4.96,6.1,2.39,4.45,7.03,6.52,5.04,3.55,5.21,4.27,5.3,4.84,5.82,7.24,5.71,4.75,4.48,4.43,5.38,3.62,4.35,4.41,4.22,4.53,4.16,4.48,5.34
Jun-2002,4.82,1.66,6.17,5.5,4.45,4.66,4.74,7.23,5.58,5.02,7.64,5.43,5.89,5.37,3.43,4.26,3.52,7.65,8.76,6.02,5.13,4.84,4.39,6.07,2.62,3.74,6.63,5.67,4.93,3.61,4.91,4.85,3.92,5.04,6.12,7.07,5.44,4.09,4.47,4.55,5.11,3.51,4.06,4.23,4.53,5.29,4.35,5.25,5.45
Jul-2002,4.75,1.51,6.28,5.31,4.53,4.3,4.08,6.29,5.25,5.11,5.82,4.97,5.22,5.22,3.39,4.14,3.62,6.64,7.01,5.26,6.26,5,4.45,6.45,3.2,4.15,9.01,5.94,4.99,3.43,4.75,4.95,3.83,4.88,6.77,6.75,5.58,4.55,4.5,4.53,4.68,3.5,2.88,4.19,4,3.41,3.99,4.74,4.89
Aug-2002,4.54,1.56,6.32,5.06,4.3,4.21,4.1,6.47,5.17,4.84,6.06,5.13,4.81,4.93,3.32,3.99,3.29,7.6,8.03,5.57,5.44,3.97,4.29,6.24,3.6,3.92,8.92,5.98,4.79,3.45,4.52,4.62,3.42,5.33,4.94,7.19,5.55,4.44,4.59,4.51,4.67,3.22,2.8,4.04,3.63,4.58,3.98,4.41,5.02
Sep-2002,4.82,1.58,6.35,5.72,4.46,4.4,4.89,6.68,5.29,4.98,5.54,4.95,4.22,5.11,3.47,4.25,3.95,7.45,6.93,7.53,5.26,3.99,4.36,6.18,3.27,4.09,8.98,5.57,4.32,3.46,4.58,4.63,3.79,6,5.29,7.33,5.4,4.31,4.69,3.9,5.19,3.52,2.6,4.22,3.06,4.38,3.97,4.39,4.88
Oct-2002,4.58,1.58,6.04,5.4,5.02,4.65,4.87,6.34,5.4,4.92,5.56,5.15,4.17,5.69,4.08,4.66,4,7.61,7.29,5.83,5.19,4.17,4.95,6.44,2.89,4.23,8.96,6.15,5.3,3.65,5.02,5.01,4.21,5.67,5.9,6.2,5.67,5.33,5.08,4,5.24,3.75,2.59,4.61,3.44,3.87,4.59,4.79,4.75
Nov-2002,5.69,1.69,6.09,5.95,5.81,5.49,5.56,5.84,5.3,5.48,4.35,5.77,5.16,6.24,4.84,5.46,4.4,9.77,7.31,6.87,5.05,4.94,5.41,6.62,2.59,4.88,9.32,7.36,5.57,4.86,5.92,5.81,4.69,6.05,5.9,5.83,6.73,5.39,5.36,4.37,5.73,4.09,3.7,4.47,4.38,4.61,5.11,6.32,5.1
Dec-2002,5.55,1.68,5.91,6.35,6,6.17,6.09,5.53,5.91,5.74,5.01,5.79,5.88,7.14,4.67,5.36,4.44,10.02,7.43,9.52,3.71,4.68,5.5,6.94,2.81,5.08,7.17,7.08,6.22,5.67,6.68,6.54,5,5.97,6.07,5.9,6.58,6.62,5.5,4.63,6.06,4.22,4.3,4.8,6.02,5.16,5.12,6.1,5.23
Jan-2003,6.7,1.28,7.4,5.7,7.36,7.12,7.67,5.33,5.32,6.56,5.57,6.28,6.85,6.43,5.44,5.8,5.15,9.83,8.41,11.26,4.76,5.36,5.39,7.03,3.67,5.21,8.39,7.91,9.57,4.91,6.67,5.51,2.32,6.58,6.87,5.88,8.09,7.22,6.52,4.87,7.29,4.95,4.32,4.8,5.62,5.06,6.19,6.53,4.65
Feb-2003,6.78,1.36,5.74,5.63,7.15,8.22,8.43,5.8,6.03,7.08,5.38,6.86,8.02,6.25,5.49,6.3,5.98,9.48,8.62,12.64,4.9,5.89,6.84,7.47,3.75,5.56,8.64,7.79,11.37,5.03,7.45,5.99,2.85,7.29,7.11,6.2,8.06,7.3,6.97,5.18,7.67,5.92,4.31,4.56,7.5,4.43,8.02,6.89,4.6
Mar-2003,8.91,1.38,6.85,6.45,7.75,4.75,9.08,7.15,5.59,9.43,5.42,8.79,10.84,7.71,6.14,8.68,8.01,9.5,11.37,13.31,5.31,8.6,8.53,7.77,3.93,6.93,8.94,8.14,12.84,6.38,8.25,6.8,4.53,8.3,6.66,6.14,9.84,7.18,9.68,6.86,8.18,8.29,5.09,4.92,8.76,5.87,10.81,9.94,4.67
Apr-2003,6.57,1.39,6,6.62,7.84,4.13,8.54,6.71,7.11,6.7,5.27,7.38,10.03,5.55,5.94,6.38,5.35,10.29,11.41,15.04,5.46,5.77,5.36,9.41,3.6,6.28,8.72,8.23,11.39,5.83,8.83,6.41,2.8,8.43,7.78,6.04,8.29,8.7,6.87,5.89,6.47,5.16,4.39,5.03,5.91,6.04,6.04,7.35,4.49
May-2003,6.51,1.48,6.51,7.25,6.66,4.15,7.03,6.71,6.97,6.43,5.25,6.63,7.84,6.61,4.79,6.42,5.34,10.26,10.93,13.98,5.87,5.61,5.8,8.41,3.9,6.35,8.83,8.85,9.08,5.19,7.07,5.93,2.18,8.5,9.14,5.59,7.94,7.88,6.48,5.23,5.49,5.38,4.49,4.67,6.16,5.82,6.23,6.84,4.81
Jun-2003,6.87,1.6,6.28,7.37,7.03,4.26,7.61,6.78,6.62,7.31,5.22,8.25,10.46,6.87,5.27,6.88,6.07,9.36,11.7,11.25,6.51,6.05,6.49,7.97,4.05,5.58,9.24,10.26,8.87,5.53,7.03,7.12,2.41,9.48,7.76,5.88,8.19,8.59,7.44,5.41,5.79,6.53,4.97,4.83,6.06,6.78,6.97,7.68,5.79
Jul-2003,6.49,1.76,6.71,7.06,6.93,4,7.1,6.38,7.08,6.62,6.41,8.12,9.36,7.22,4.89,6.54,5.53,9.49,9.64,12.1,6.36,6.07,5.86,7.24,5.23,6.33,8.87,11.06,9.56,6.21,7.17,6.24,2.5,9.65,7.87,5.89,8.04,7.8,6.8,6.08,5.75,5.39,5.72,4.77,5.48,6.72,6.29,7.18,5.76
Aug-2003,5.95,1.77,6.48,7.49,6.94,3.95,6.5,6.7,8.14,5.86,6.51,7.27,8.56,5.12,4.63,6.03,4.84,9.8,12.04,12.34,6.73,5.53,5.69,8.18,6.5,5.89,8.94,10.26,7.99,5.87,6.6,5.78,2.44,8.61,7.95,5.7,6.88,8.62,6.22,5.96,5.11,4.94,5.5,4.73,3.93,6.48,5.65,6.58,5.83
Sep-2003,6.06,1.76,7.11,7.12,7.18,4,6.83,7.27,8.03,5.85,6.36,7.19,5.98,6.15,4.47,6.4,5.09,8.7,9.18,13.23,6.59,5.37,6.52,8.15,6.66,5.67,8.82,10.31,7.67,5.38,7.18,6.62,2.17,8.91,8.2,5.57,7.41,8.64,6.38,5.97,5.55,4.87,5.57,4.67,5.36,6.33,5.91,6.81,5.78
Oct-2003,5.85,1.65,6.3,7.76,6.94,6.28,6.61,5.95,7.88,6.1,6.39,6.9,10.73,5.92,4.61,5.88,4.98,9.64,8.72,1.71,6,5.22,6.23,8.31,6.39,5.55,8.77,9.65,9.19,5.68,7.04,5.72,2.09,8.65,7.38,5.7,7.36,9.1,6.05,5.76,5.46,4.47,5.28,4.79,4.33,6.58,5.62,6.03,6.15
Nov-2003,5.87,1.44,6.74,7.61,6.89,7.97,6.56,6.08,7.25,6.32,6.56,6.69,6.5,6.32,4.92,6.42,4.91,10.49,9.57,12.47,5.41,5.44,6.87,8.31,5.85,5.53,8.38,10.59,8.04,5.79,6.66,7.08,2.56,8.75,8.44,5.82,7.22,8.92,6.12,5.92,5.57,4.44,5.52,5.32,4.87,6.98,5.8,7.09,6.33
Dec-2003,6.64,1.38,6.34,7.77,7.48,9.22,7.52,6.75,7.67,6.54,6.41,7.45,9.4,7.2,5.39,6.92,5.47,9.72,7.49,13.92,6.42,5.87,6.36,8.34,5.8,5.73,8.38,10.82,9.79,3.37,7.51,7.09,5.06,8.86,7.98,5.9,8.43,9.18,6.81,6.25,6.48,5.01,5.75,5.76,6.12,7.09,6.2,7.03,6.29
Jan-2004,7.54,1.8,6.65,8.12,8.66,9.06,12.7,6.39,7.62,7.95,6.64,7.69,11.18,7.17,7.3,7.65,6.6,10.84,9.4,10.82,6.48,6.48,7.34,8.42,6.14,6.45,8.23,9.26,9.11,6.09,7.79,7.34,5.85,8.66,8.41,5.94,9.26,9.08,7.84,6.45,7.25,5.8,5.94,6.12,7.34,7.69,7.68,7.98,5.56
Feb-2004,7.38,1.86,6.35,7.3,7.92,9.91,9.38,7.89,7.91,7.97,6.64,7.94,9.96,6.68,7.93,7.53,5.98,11.76,11.11,12.38,6.63,6.63,7.68,8.82,6.32,6.43,8.25,14.89,9.8,6.87,8.53,7.22,5.78,8.4,7.93,6.03,9.22,9.01,7.58,6.25,7.78,5.41,5.92,6.04,8.26,7.69,7.28,8,5.47
Mar-2004,6.81,1.9,7.2,7.09,7.7,7.06,9.03,6.75,8.36,6.88,6.61,7.4,7.96,6.8,6.36,6.89,5.6,10.46,10.69,12.13,6.32,6,5.64,8.06,6.62,6.09,8.67,14.55,8.62,6.36,8.21,6.59,4.98,8.61,8.44,6.01,8.76,9.15,6.76,6.22,7.52,5.1,5.75,5.51,7.48,7.56,6.44,6.79,5.42
Apr-2004,6.79,1.86,6.46,7.46,6.68,6.62,8.09,7.26,8.02,6.96,6.53,8.13,10.35,6.97,5.82,6.77,5.81,9.86,10.62,12.62,6.28,5.9,5.31,8.44,7.02,6.13,8.29,13.06,7.01,7.77,7.72,6.17,5.09,8.25,10.09,5.95,8.49,9.19,6.86,5.76,7.04,5.51,5.53,5.53,6.81,7.66,6.79,7.17,5.47
May-2004,7.14,1.8,7.24,7.78,7.11,6.59,8,7.28,8,7.27,6.59,8.03,7.42,7.87,5.83,6.84,6.31,9.38,10.65,12.25,6.38,6.28,6.29,8.38,6.03,6.43,8.25,12.26,7.81,6.39,7.23,6.33,5.53,8.89,8.6,5.48,8.07,9.31,7.47,5.88,7.27,6.03,5.59,5.48,7.48,7.81,7.54,7.39,7.16
Jun-2004,7.63,1.95,6.92,8.04,7.53,6.58,8.28,7.46,8.56,8.03,6.58,8.55,9.65,8.32,6.42,7.39,6.88,10.33,11.49,11.44,7.41,6.68,7.05,8.85,6.19,7.12,8.5,11.02,8.25,6.65,7.42,7.31,6.64,9.22,10.54,5.96,8.36,9.92,8.14,5.93,7.65,6.57,5.98,5.85,7.91,7.42,8.37,8.46,7.22
Jul-2004,7.41,2.12,7.16,8.1,7.68,6.49,7.8,8.39,9.34,7.89,6.99,8.07,6.55,8.6,6.5,7.27,6.33,9.04,12.39,10.15,7.91,6.18,6.44,9.33,6.37,7.23,8.84,11.95,8.13,7.01,7.38,7.34,6.82,8.86,8.87,5.89,8.51,10.11,7.63,5.91,7.72,6.11,5.66,5.61,8.16,7.33,7.29,7.86,7.38
Aug-2004,7.26,2,7.02,8.42,7.65,5.88,7.86,8.59,8.95,7.47,7.1,8.44,6.7,8.21,6.44,7.21,6.42,8.78,11.28,14.04,7.82,6.09,6.42,8.72,7.11,6.88,8.86,10.56,7.97,6.89,7.86,7.44,5.59,8.63,8.11,5.97,8.26,10.32,7.56,5.85,7.51,5.99,5.42,5.61,7.84,6.78,7.4,7.95,7.61
Sep-2004,6.77,2,6.77,8.11,7.55,6.51,7.77,8.4,8.12,6.69,7.26,8.32,5.84,7.12,5.85,6.61,5.59,8.67,10.7,13.85,7.63,5.89,5.59,8.7,6.73,6.4,8.64,11.39,6.82,6.13,7.77,6.12,4.79,7.92,6.78,5.98,7.88,9.93,6.57,5.79,7.2,5.17,5.51,5.4,7.88,8.07,6.51,7.06,6.72
Oct-2004,6.58,1.99,6.65,8.15,7.39,7.29,7.85,7.3,8.29,7.22,8.06,7.8,5.87,6.42,6.64,6.97,6.44,9.27,10.82,12.37,7.41,5.82,5.81,8.61,6.1,6.04,8.56,11.33,6.95,5.96,7.73,6.8,4.91,8.73,7.55,7.12,8.92,9.97,7.3,5.81,7.38,5.41,5.83,6.01,7.46,7.12,7.04,6.66,7.99
Nov-2004,7.56,2.07,7.52,8.47,8.68,8.08,11.27,8.83,7.64,9.07,7.25,8.45,5.77,7,7.42,8.58,7.91,11.96,10.4,13.64,7.86,7.92,8.02,10.04,6.11,7.28,8.77,13.89,8.92,6.23,8.72,8.4,7.37,10.1,10.43,7.21,9.99,10.23,9.14,6.83,7.28,7.11,6.42,7.01,8.87,9.44,9.18,9.88,7.37
Dec-2004,8.95,1.99,7.19,10.29,9.52,10.51,11.09,8.47,8.48,7.2,7.7,8.76,7.19,8.44,8.41,8.08,8.07,12.32,10.37,13.82,7.74,7.89,7.7,9.58,6.35,7.8,9.02,11.94,11.65,7.26,9.52,8.56,7.09,9.85,9.24,7.22,10.1,10.38,9.53,7.1,7.65,6.56,6.86,7.2,9.11,9.4,9.46,8.93,7.61
Jan-2005,7.74,2.4,7.69,8.22,9.53,7.53,9.85,8.85,9.57,8.99,7.85,8.47,7.83,8.17,8.81,7.92,6.86,12.81,10.46,12.91,7.59,7.38,6.34,9.6,7.94,7.4,9.13,10.52,9.33,8.19,9.8,9.98,7.5,9.97,9.65,7.16,10.63,10.29,8.08,7.18,8.47,5.88,6.49,7.07,9.25,9.52,8.04,8.49,7.06
Feb-2005,7.79,2.41,7.57,7.59,8.88,7.58,10.02,9.59,8.52,8.1,7.83,7.86,10.43,7.8,8.69,8.11,7.31,13.04,10.85,12.27,7.25,6.99,7.37,9.8,7.34,7.05,9.07,11.53,8.47,8.33,9.9,9.11,6.81,9.19,8.77,7.31,10.47,10.34,7.82,7.08,8.92,5.87,6.35,6.72,8.69,9.54,8.03,8.49,6.91
Mar-2005,7.93,2.49,5.69,7.67,8.94,7.88,10.36,9.28,7.99,8.9,7.81,8.25,8.06,8.09,8.62,7.89,6.81,13.11,10.19,12.23,7.34,6.97,7.39,10.04,7.19,7.09,9.12,12.12,8.2,6.87,10.01,8.85,6.87,9.68,8.35,7.18,10.63,10.29,7.84,6.98,8.3,6.21,6.32,6.76,8.61,9.25,7.97,8.54,6.94
Apr-2005,8.35,2.3,8.61,8.38,8.4,7.91,10.81,11.33,8.37,8.37,7.86,9.39,10.9,7.66,8.33,8.38,7.81,12.85,11.38,12.93,8.16,7.47,8.13,10.18,6.84,7.38,9.31,12.99,7.92,6.44,10.18,9.47,7.54,11.09,7.17,7.18,10.01,10.43,8.71,7.25,8.66,7.1,6.35,6.82,8.71,9.73,9.03,8.77,6.24
May-2005,7.79,2.29,8.95,8.94,8.71,8.19,9.51,10.93,8.42,8.32,7.7,9.65,10.16,8.11,7.27,8.17,7.14,10.21,10.68,12.49,8.21,7.1,7.67,10.14,7.31,7.73,9.34,12.69,8.39,7.09,9.92,8.06,7.1,11.12,8.62,6.86,9.59,10.86,8.28,7.16,8.33,6.65,6.51,6.88,8.23,9.59,8.35,8.66,6.9
Jun-2005,7.52,2.25,8.26,9.14,8.46,8.73,8.73,10.46,8.99,8.01,8.29,9.4,8.75,7.65,6.61,7.79,6.88,11.15,10.33,10.78,8.95,7.06,7.4,10.06,7.48,7.22,9.36,11.38,7.66,7.14,9.96,8.82,8.77,11,9.36,7.02,9.3,11.24,7.71,7.05,7.96,6.44,6.48,6.66,8.94,9.6,7.6,8.18,6.12
Jul-2005,6.98,2.38,8.87,9.55,8.51,8.66,9.55,10.46,8.43,8.52,7.74,8.39,9.36,7.92,7.1,8.32,7.69,10.89,10.99,11.3,9.15,7.11,7.55,10.11,7.76,7.53,9.45,9.88,7.1,7.18,9.29,9.18,6.75,11.11,9.46,7.15,9.87,11.49,8.59,7.2,8.24,7.08,7.28,6.8,9.01,9.6,7.84,8.63,7.45
Aug-2005,9.2,2.4,8.36,9.72,8.66,8.95,10.51,9.33,9.99,8.85,6.98,9.08,8.94,9.24,7.26,8.91,8.45,11.5,10.95,13.27,9.69,6.74,8.42,10.08,8.94,8.2,9.65,9.88,7.83,7.47,9.67,9.93,8.39,11.27,13.14,7.05,9.65,12.26,9.27,7.12,8.44,7.68,7.25,6.82,9.08,8.73,9.27,8.97,7.5
Sep-2005,9.72,2.48,8.95,10.46,9.53,8.56,13.43,10.77,9.03,11.71,7.71,10.25,10.85,10.27,7.83,11.11,11.78,15.21,13,13.84,9.91,9.07,9.87,10.9,9.06,7.99,9.68,12.1,9.53,8.25,10.3,11.67,9.51,12.26,21.21,7.21,11.55,11.38,13.06,7.49,10.52,10.08,7.45,7.29,11.15,9.68,12.9,11.66,8.81
Oct-2005,14.41,2.61,10.96,10.28,11.6,8.4,17.16,11.27,12.11,13.33,9.38,12.31,11.53,11.53,10.44,13.42,14.71,15.31,14.95,16.48,11.32,11.33,13.41,12.07,9.83,10.13,9.57,12.1,13.31,10.66,12.87,15.72,10.58,14.68,9.94,9.01,13.74,11.18,16.68,7.76,13.32,10.96,8.32,8.67,13.91,11,16.67,13.35,10
Nov-2005,13.99,3.99,9.3,12.37,13.39,9.99,16.27,13.11,12.07,13.71,9.8,12.71,10.54,12.18,10.55,14.35,13.93,17.86,16.36,18.51,10.87,11.98,14.54,13.25,10.08,11.36,11.6,13.11,16.16,12.4,14.74,13.85,10.54,14.05,12.59,9.2,15.02,12.25,15.88,11.49,14.72,10.79,8.81,10.31,15.02,12.35,16.45,13.24,13
Dec-2005,13.11,3.72,9.87,11.71,12.78,11.41,14.82,14.05,11.24,14.78,10.26,13.07,13.52,12.05,11.14,12.71,12.54,18.09,14.94,17.19,10.74,10.21,13.1,14.85,10.24,11.83,12.09,16.38,14.36,12.33,14.16,13.71,10.81,13.84,12.84,9.23,14.23,13.32,13.43,10.9,14.08,8.92,10.27,10.65,15.84,11.61,13.33,11.25,11.7
Jan-2006,13.35,4.06,9.87,10.72,12.76,14.68,14.82,13.87,12.98,12.91,10.16,12.45,12.44,10.95,12.86,14.01,11.4,17.95,17.03,17.52,10.27,10.78,12.89,14.07,12.89,10.76,11.93,15.92,14.67,10.71,12.55,13.27,10.66,13.35,11.86,9.22,15.16,13.48,13.53,10.87,12.97,8.94,9.72,10.25,13.69,11.33,13.72,11.66,11.46
Feb-2006,11.26,4.08,9.58,10.29,11.49,14.86,12.6,13,11.66,11.85,10.18,11.47,11.28,10.21,11.29,12.04,8.53,18.09,14.74,16.62,9.72,9.06,12.03,12.89,13.15,10.15,11.95,12,13.34,10.56,11.86,12.23,9.71,13.01,10.1,9.08,13.81,13.31,10.65,10.78,12.09,7.57,9.58,9.42,12.5,10.34,10.38,9.93,10.36
Mar-2006,10.17,4.32,9.47,9.02,10.55,12.54,11.64,13.68,12.19,9.4,10.23,9.72,10.65,9.2,9.26,10.47,7.12,17.73,14.03,15.02,9.79,8.71,9.89,12.27,11.79,9.09,12.19,12.65,10,9.59,11.01,9.51,9.26,11.91,11.44,9.03,13.29,13.34,9.23,10.31,10.63,6.82,8.49,8.8,9.43,10.44,9.07,10.46,10.3
Apr-2006,9.52,3.67,9.69,8.64,8.85,12.11,11.65,14.08,11.56,9.51,10.16,8.93,15.01,8.62,7.4,9.4,7.19,18.01,12.11,15.09,10.16,7.22,9.07,11.75,11.37,8.37,11.86,13.63,9.04,8.78,9.96,10.39,6.38,10.99,9.44,9.11,12.5,13.64,9.06,9.23,9.7,6.98,8.23,9.39,9.91,9.49,9.15,9.45,10.06
May-2006,8.93,3.71,9.57,9.25,8.84,11.52,10.34,10.91,10.98,9.11,10.06,8.21,8.64,8,6.75,9.66,7.02,11.4,11.91,13.97,10.37,7.5,8.3,10.8,11.69,7.67,12.01,11.48,9.58,9.22,9.73,10.75,6.18,11.38,9.72,8.67,11.85,13.61,9.04,8.87,9.01,6.94,7.72,9.22,9.43,9.23,8.96,8.67,7.35
Jun-2006,8.33,3.69,10.01,8.57,8.06,11.45,9.17,14.98,11.27,8.44,9.7,8.22,8.92,8.28,6.05,8.17,6.83,11.3,11.53,12.67,9.78,6.71,8.41,10.88,12.63,7.39,12.47,11.95,9.82,9.58,7.57,10.42,5.49,11.12,9.07,9.06,11,13.21,8.54,9.01,8.91,5.99,7.6,8.69,8.46,8.59,7.38,7.95,7.68
Jul-2006,7.9,3.68,10.09,9.14,7.66,11.38,9.34,11.75,11.43,8.53,10.37,8.16,7.89,6.83,5.99,8.08,6.9,11.68,11.42,12.79,10.42,8.31,7.86,10.6,13.34,6.9,12.12,13.19,7.56,8.78,8.63,10.34,6.55,10.38,12.98,8.92,10.64,13.76,7.71,8.99,8.51,5.92,7.52,8.31,8.42,8.92,7.35,8.12,7.32
Aug-2006,8.96,3.68,10.32,9.35,8.12,11.37,9.59,11.23,11.05,8.17,10.54,7.81,8.02,8.45,6.44,8.48,7.55,10.99,11.32,13.01,10.18,7.09,8.03,10.78,14.76,6.99,12.2,10.73,9.56,7.64,9.39,10.48,7.28,10.53,8.11,9.15,10.74,13.31,8.81,9.06,8.85,6.58,7.27,8.76,9.04,9.32,8.66,8.74,7.6
Sep-2006,8.58,3.65,10.29,9.18,8.71,11.66,9.78,11.93,11.76,8.61,10.04,8.01,7.36,7.83,6.66,8.12,6.95,11.47,11.27,12.97,10.21,8.08,8.2,10.95,12.35,7.77,12.29,11.04,9.04,8.14,9.14,10.59,6.23,10.73,8.17,9.19,10.08,13.51,8.5,9.34,9.37,6.34,7.45,9.39,8.61,9.11,8.32,8.6,7
Oct-2006,6.8,3.72,9.8,8.45,7.56,10.51,7.96,10.64,11.53,7.67,9.84,7.34,6.01,6.39,6.32,7.19,5.06,11.13,10.62,11.49,10.03,5.66,7.5,10.77,10.36,7.79,12.05,10.68,8.88,7.89,8.55,9.59,4.81,9.23,5.99,9.09,9.58,13.52,6.13,8.45,8.94,4.41,6.79,8.92,7.58,9.4,5.66,5.79,8.3
Nov-2006,9.28,4.27,10.18,10.24,8.18,10.89,11.48,8.81,11,8.14,10.18,7.43,7.63,7.26,7.4,9,7.28,14,10.32,13.34,9.52,7.31,7.59,10.94,9.86,6.12,11.91,13.25,6.35,8.45,11.1,11.25,7.06,10.65,8.84,9.67,11.38,12.95,9.32,7.66,9.03,6.95,6.43,9.35,9.03,10.07,8.83,9.67,7.85
Dec-2006,10.11,4.23,10.13,10.17,9.36,11.16,12.03,9.2,12.42,9.94,9.43,8.81,8.86,8.31,9.25,9.4,7.32,13.35,11.28,13.76,9.33,8.6,9.21,11.38,9.69,9.06,11.5,12.17,11.48,9.22,12.18,11.55,7.82,11.52,9.48,9.8,12.37,12.38,10.48,8.45,9.99,7.13,7.3,9.72,9.81,10.53,10.09,10.07,7.65
Jan-2007,8.32,4.36,10.18,10.41,9.1,10.39,11.09,9.31,10.87,9.14,9.91,8.65,7.75,8.87,9.7,7.92,6.06,13.39,12.2,14.26,9.3,8.45,8.41,11.21,9.56,8.49,11.71,13.63,10.06,9.38,11.42,10.08,8.32,10.21,9.1,9.67,11.45,12.42,8.13,8.69,9.6,6,7.17,9.42,9.45,9.73,7.56,9.71,7.48
Feb-2007,9.37,4.37,10.35,8.26,9.1,10.42,11.3,8.86,11.61,8.78,9.92,8.82,7.97,9.39,9.73,8.56,7.56,13.56,11.09,14,9.26,8.09,8.11,11.04,9.35,8.67,12.36,13.07,10.07,9.49,11.69,10.31,7.71,10.54,9.3,9.75,11.16,12.43,9.1,8.65,9.98,7.1,6.94,9.56,8.98,10.07,8.73,9.79,7.28
Mar-2007,9.53,4.49,11.15,8.99,9.88,10.7,11.32,9.25,11.76,9.32,9.68,9.07,13.1,9.28,10.3,8.64,7.68,13.42,12.08,16.03,9.47,8.17,8.76,11.3,9.73,7.94,11.13,17.43,10.61,9.74,12.18,10.04,8.06,10.73,9.54,9.68,11.23,12.33,9.64,8.88,10.13,7.14,7.4,9.47,9.08,10.31,9.64,10.15,7.24
Apr-2007,9.22,4.57,10.56,9.29,9.13,9.6,10.91,9,11.11,8.93,9.58,9.21,9.15,8.58,9.65,8.57,7.8,13.35,11.89,16.11,9.5,7.8,8.58,11.25,9.88,8.66,11.7,16.82,10.09,8.67,11.76,9.57,7.12,10.56,15.17,9.53,10.53,12.45,9.36,8.6,9.76,7.16,7.02,9.31,9.06,9.89,9.38,8.83,6.34
May-2007,8.81,4.62,10.82,9.19,9.24,7.55,10.47,10.67,10.88,9.05,9.35,9.24,10.61,8,7.91,8.72,7.81,12,11.72,15.06,9.77,7.55,8.77,10.87,10.53,7.98,11.72,12.82,9.54,8.68,11.17,9.48,7,10.89,7.73,8.78,9.91,12.53,9.07,8.29,9.47,7.53,6.12,9.48,10.06,9.84,9.24,9.01,5.77
Jun-2007,8.88,4.57,11.62,9.06,9.72,7.11,10.65,9.3,10.68,9.18,9.08,9.32,9.49,8.58,7.75,8.7,6.73,11.98,11.53,13.59,9.85,8.09,8.8,11.15,11.24,8.35,12.18,11.13,9.54,9.02,11.52,9.52,7.34,11.34,9.22,9.51,10.19,12.64,9.25,8.6,9.67,7.68,6.38,9.37,9.87,10.23,9.42,10.06,5.7
Jul-2007,8.52,4.56,11.75,9.22,9.71,6.98,10.21,9.62,10.57,8.86,9.21,9.82,8.9,8.61,7.16,8.31,6.91,13.97,11.38,14.46,10,7.11,8.39,11,11.67,8.41,12.09,12.69,9.79,8.77,11.19,9.85,6.92,11.22,10.38,9.28,9.72,12.96,8.82,8.27,9.3,6.91,5.8,9.23,9.99,9.6,8.74,8.94,5.89
Aug-2007,8.31,4.61,11.11,9.52,8.7,6.96,9.2,8,10.34,8.18,9.19,9.6,8.79,7.88,6.51,7.65,6.42,11.98,11.46,13.92,9.96,6.44,7.7,10.56,11.13,7.79,12.16,9.21,7.98,7.76,11.63,9.75,5.97,9.86,11.58,9.27,9.62,12.95,8.13,8.1,8.62,5.92,5.92,8.5,9.06,9.31,7.53,9.35,5.89
Sep-2007,7.39,4.53,10.21,9.23,7.89,7.12,8.52,9.6,10.12,7.63,9.35,8.86,6.9,7.48,6.35,6.91,5.91,11.77,10.28,13.61,9.72,6.16,7.22,9.98,9.96,7.1,12.27,9.62,7.58,6.78,9.71,9.56,5.37,10.16,8.18,9.11,9.56,12.72,7.3,8.15,7.86,5.45,5.86,8.34,8.34,8.9,6.65,8.42,5.3
Oct-2007,8.11,5.36,9.64,9.21,8.14,6.58,9.74,8.78,9.38,8.33,9.04,8.47,7.32,7.48,6.41,7.9,6.82,11.96,11.11,12.25,9.4,6.63,7.47,10.05,8.99,6.34,11.94,8.7,7.54,7.46,11.23,9.61,6.08,9.74,6.23,9.22,10.12,12.81,8.17,7.83,8.44,6.35,5.6,8.47,8.6,8.99,7.88,8.54,5.23
Nov-2007,8.72,5.64,9.83,10.76,8.74,6.04,10.41,7.09,9.81,8.95,8.95,9.02,6.5,8.53,7.06,8.72,7.44,14.85,11.2,14.65,9.41,7.56,8.64,10.95,9.36,7.04,11.58,10.42,10.3,8.96,12.02,10.61,7.09,11.02,8.05,8.85,10.41,12.7,9.54,7.7,8.93,7.02,5.6,8.58,9.66,9.99,8.8,10.28,6.93
Dec-2007,8.92,5.94,9.7,11.02,9.32,7.39,11.84,8.47,9.57,9.71,9.14,8.81,8.18,8.86,8.18,9.22,7.56,14.68,11.89,15.57,9.41,8.45,8.29,10.09,9.76,8.26,11.24,14.01,10.62,9.28,10.97,11.03,7.83,11.02,9.17,8.83,10.87,12.65,9.57,7.93,9.46,7.03,6.04,8.78,9.69,10.09,8.8,10.19,7.3
Jan-2008,9.23,5.92,9.98,9.68,10.2,7.11,11.65,10.72,9.84,8.88,9.18,8.81,8.95,8.74,8.97,8.72,7.68,14.49,12.25,14.54,9.54,8.36,8.4,10.61,9.72,8.8,11.42,13.67,11.49,8.75,11.59,11.28,8.16,11.45,13.08,8.75,11.33,12.62,9.64,8.42,9.41,7.02,6.66,8.7,10.46,10.28,8.84,9.95,6.69
Feb-2008,9.96,6.87,10.7,9.73,10.15,6.2,10.39,11.37,10.11,9.54,9.17,9.38,9.3,9.99,9.99,9.3,8.63,15.45,12.26,14.64,9.59,8.67,9.36,10.94,10.29,8.4,11.26,13.7,12.3,9.24,11.28,11.13,7.8,11.97,12.3,8.99,11.64,12.5,10.15,8.72,9.56,7.92,6.76,9.08,10.16,10.29,9.86,10.24,7.07
Mar-2008,10.17,7.32,11.35,10.26,10.51,6.6,12.33,11.84,10.67,10.16,9.14,10.1,10.33,10.06,9.33,9.79,9.47,14.92,12.83,14.9,9.72,9.5,9.74,11.22,10.76,9.39,11.42,14.29,13.01,10.1,12.07,11.03,8.39,12.65,12.72,8.85,11.51,12.49,10.69,9.05,9.82,8.9,7.06,9.52,10.7,10.29,10.84,10.52,7.28
Apr-2008,10.89,4.65,11.27,10.93,11.47,6.86,12.64,10.72,10.58,11.12,8.93,10.92,11.57,10.71,8.94,10.46,10.16,15.61,13.62,15.41,10.63,9.63,10.52,11.47,11.83,9.11,11.16,14.34,13.46,10.21,11.83,11.17,8.72,13.61,13.38,8.98,10.91,12.75,11.83,9.26,10.37,9.41,7.21,9.68,11.49,10,11.54,11.36,7.94
May-2008,12.25,4.97,12.25,11.53,12.4,7.59,14.47,11.06,10.81,12.32,8.62,11.86,12.02,10.89,9.26,11.78,11.5,13.97,14.54,16.45,11.15,10.85,11.97,11.61,12.17,10.06,11.1,14.42,13.93,11.66,13.1,11.37,9.34,14.84,12.61,9.22,11.4,12.99,12.62,10.14,11.65,11.09,7.13,10.31,12.65,10.9,13.21,11.7,8.22
Jun-2008,13.04,4.7,11.93,11.17,12.91,10.17,15.99,15.31,14.07,13.51,8.55,12.68,13.41,11.83,9.7,12.31,12.23,15.12,16,17.6,11.52,11.92,11.79,11.36,14.14,11.48,11.47,14.7,15.62,12.24,14.82,13.67,9.54,14.99,13.22,8.26,11.42,13.09,13.55,10.44,12.97,11.87,7.67,11.11,13.93,10.81,13.92,13.29,8.71
Jul-2008,14.1,4.89,12.59,12.1,14.34,9.94,17.68,16.21,13.29,14.29,8.22,14.55,13.89,12.42,10.66,14.1,12.81,14.17,18.19,19.24,12.13,12.53,13.87,13.19,14.43,11.86,11.26,16.15,18.51,13.74,12.68,14.44,11.67,15.9,13.43,9.53,11.92,13.23,13.26,11.53,14.17,12.93,8.11,12.18,15.24,10.95,15.57,13.9,7.54
Aug-2008,10.76,4.41,11.12,11.41,12.99,10.01,14.05,15.57,13.01,12.65,8.27,13.6,11.34,11.83,9.72,11.22,9.53,15.49,16.35,18.4,12.41,10.2,11.43,13.14,13.98,12.18,11.34,15.26,15.17,12.66,13.3,14.52,8.26,15.13,11.77,8.92,12.9,14.14,11.61,9.51,12.77,9.32,8.45,10.46,13.57,10.17,11.32,11.42,8.07
Sep-2008,10.04,4.3,10.23,11.03,10.53,15.93,14.02,15.11,13.54,10.87,8.48,11.92,10.5,9.3,8.03,10.49,9.01,14.14,15.61,17.12,11.49,8.5,9.73,11.96,13,9.43,9.48,15.21,12.29,10.35,11.37,14.18,7.7,12.9,15.59,8.8,13.44,14.05,10.74,8.47,11.24,8.12,7.58,8.83,11.65,9.39,10.2,10.8,6.86
Oct-2008,9.35,6.17,8.84,10.75,9.27,16.25,10.48,13.79,12.37,9.87,10.31,10.78,8.04,7.3,6.68,9.86,7.53,13.98,13.26,12.93,10.52,6.95,9.5,11.39,11.94,7.88,10,13.82,12.21,8.75,12.56,12.3,7.35,12.79,11.43,8.75,14.02,14.14,9.58,8.37,10.4,7.24,6.77,9.15,10.67,9.94,9.29,8.86,6.65
Nov-2008,8.67,6.08,7.96,9.79,7.86,8.98,11.1,12.46,12.34,10.35,9.84,10.43,10.17,7.11,7.53,9.28,6.22,15.56,12.71,13.73,10.47,7.13,8.71,11.04,10.15,6.36,11.4,14.74,11.1,8.14,12.69,12.14,7.09,11.89,14.23,9.86,13.96,14.45,9.52,7.88,9.72,5.88,6.83,9.19,10.29,11.98,8.43,9.69,8.1
Dec-2008,9.43,5.27,9.15,10.44,8.49,9.01,11.38,13.44,12.14,9.82,10.24,9.49,10.95,7.92,8.89,9.79,6.63,15.56,12.46,14.49,10.1,7.98,9.03,10.81,10.18,6.54,10.66,14.53,11.7,6.17,12.81,12.06,7.58,11.91,14.28,10.15,13.9,13.37,9.23,7.75,9.71,6.22,6.76,9.12,9.88,12.18,8.74,10.07,8.13
Jan-2009,8.77,4.08,9.23,10.27,8.27,7.48,9.76,12.9,10.33,9.19,9.53,8.98,9.9,8.22,9.23,9.79,6.29,11.3,12.82,14.75,10.01,7.96,9.27,10.63,9.65,7.78,10.99,14.77,10.89,7.37,11.36,11.01,8.42,10.28,12.89,9.99,12,12.38,8.68,8.56,10.7,5.47,7.45,9.11,9.54,12.35,8.11,10.13,7.42
Feb-2009,7.46,4.27,8.02,10.65,7.31,5.87,9.35,12.77,10.38,8.53,9.46,8.79,9.36,7.84,8.19,8.02,4.91,11.74,11.47,14.25,10.08,6.96,8.26,10.29,9.99,7.88,10.92,14.67,9.65,6.07,10.54,10.24,7.52,9.65,11.99,10.06,11.5,12.68,7.18,8.39,9.18,4.13,7.4,8.69,9.15,12.47,6.67,8.9,6.53
Mar-2009,6.7,3.95,7.86,10.97,6.4,5,8.4,13.55,9.06,7.8,9.37,7.64,10.7,7.28,5.79,7.79,4.39,11.51,10.97,13.97,10.1,6.21,7.35,10.33,9.57,7.26,11.36,14.12,8.21,5.6,10.31,9.55,6.21,8.91,12.48,9.31,10.42,12.47,6.35,7.5,8.17,3.77,6.57,8.77,7.37,11.99,5.7,9.25,6.76
Apr-2009,6.09,3.98,7.76,7.44,6.6,4.43,8.03,15.74,9.44,6.03,9.26,6.67,8.06,5.6,5.52,5.08,3.99,10.94,8.82,12.58,9.03,4.86,6.37,9.82,9.44,6.44,11.27,13.85,7.67,4.97,9.31,8.67,5.54,7.93,13.52,10.52,9.02,11.64,5.62,5.63,7.05,3.8,5.94,8.16,7.85,12.67,5.2,6.54,4.56
May-2009,5.62,3.98,8.2,7.37,4.81,7.51,7.49,14.38,9.88,5.55,8.98,6.03,4.78,4.84,3.7,4.55,3.85,6.87,10.09,11.22,8.94,4.65,5.68,8.61,8.96,4.69,11.32,12.71,7.41,4.04,8.62,7.75,4.31,7.59,12.16,10.47,7.24,11.44,5.29,4.85,5.82,3.46,4.96,7.69,5.61,12.25,4.77,4.88,4.49
Jun-2009,6.38,3.99,8.36,7.05,6,7.5,7.79,14.52,9.56,5.64,8.66,6.49,5.65,4.57,4.07,5.09,3.92,6.17,9.24,8.65,9.31,4.32,5.76,7.35,8.35,4.06,11.9,10.1,7.01,4.5,8.71,7.6,4.48,7.55,12.71,8.29,6.93,12.39,5.37,3.99,6.11,3.78,4.78,7.65,5.71,12.04,4.94,6.43,5.04
Jul-2009,6.56,4.02,8.36,6.82,5.81,7.48,7.67,16.66,9.32,5.65,8.66,6.86,5.39,4.55,4.06,5.18,3.7,5.9,10.29,8.7,9.49,4.34,6.05,8.6,10.12,4.67,11.6,10.4,8.44,5.11,7.68,7.77,4.68,7.48,13.68,10.4,6.96,13.4,5.73,4.83,6.11,4.09,4.91,7.51,6.07,12.45,5.16,5.76,4.41
Aug-2009,4.85,3.98,8.25,7.19,6.08,7.34,7.63,19.1,9.31,5.93,8.64,6.3,6.74,4.73,4.21,4.49,3.54,7.35,9.83,8.42,9.46,4.31,5.67,8.49,9.55,4.97,11.82,10.3,8.19,5.17,7.71,7.54,5.08,7.49,12.33,10.46,6.58,12.89,5.19,4.2,5.87,3.66,4.68,7.18,6.13,12.52,4.62,5.45,4.31
Sep-2009,5.12,3.94,8.01,7.1,5.58,7.87,7.52,16.89,9.16,5.03,9.12,5.63,4.61,4.68,4.09,3.73,3.12,7.96,8.93,8.05,8.95,3.92,5.18,8.61,8.63,4.63,11.49,9.57,6.86,4.73,9.12,7.43,4.17,8.31,13.4,10.53,6.45,13.09,4.63,5.2,5.18,2.97,4.65,7.49,5.49,12.01,4.03,5.59,5.01
Oct-2009,5.86,3.74,8.07,8.23,5.84,7.86,8.14,17.49,8.55,4.54,7.26,5.93,4.57,4.84,4.71,4.74,4.24,8.12,10.15,7.89,8.94,5.07,5.77,8.54,8.09,4.66,11.34,8.88,7.37,5.3,8.7,7.47,4.93,7.83,9.94,10.49,7.98,13.94,5.58,4.53,6.04,3.97,4.61,7.42,5.95,10.53,5.02,5.88,6.03
Nov-2009,6.53,4.11,8.47,7.46,6.82,7.15,8.72,14.52,9.7,5.17,6.99,6.36,5.95,6.16,6.66,5.87,4.28,8.26,9.63,12.05,9.42,5.87,6.43,9.5,8.25,5.29,10.93,11.89,8.55,6.57,8.81,7.89,5.7,7.77,11.41,8.26,8.33,13.3,6.24,5.1,6.97,4.45,5.09,6.96,7.91,9.79,5.39,7.47,5.35
Dec-2009,6.95,4.24,7.68,7.47,8.16,6.49,8.71,10.94,8.33,5.33,6.26,6.18,5.12,6.79,7.57,6.36,5.25,8.69,8.97,12.61,9.25,5.85,6.77,9.09,7.76,6.43,11,12.56,8.91,6.17,8.56,8.12,5.59,7.59,12.77,7.73,8.88,12.96,6.73,6.3,6.38,4.98,5.74,7.24,6.16,9.7,5.69,7.61,5.84
Jan-2010,7.81,5.65,8.54,7.36,7.96,6.16,10.4,9.75,8.28,6.92,6.53,7.24,5.56,6.61,9.04,6.95,6.13,11.77,8.9,11.25,9.5,6.42,7.48,8.76,8.1,6.13,11.07,12,10.39,7.93,9.06,9.08,6.22,7.33,7.49,7.19,8.26,11.34,8.18,6.77,7.98,6.14,5.86,7.09,6.96,9.63,7.07,8.23,4.21
Feb-2010,7.96,5.12,8.43,7.39,8.49,6.75,10.64,9.83,8.88,7.65,6.49,7.65,6.36,7.08,8.96,6.67,5.64,12.21,9.45,10.89,9.66,6.16,7.18,8.88,8.64,6.88,11,12.4,9.99,6.69,8.88,8.77,6.18,7.14,8.13,7.21,8.66,12.34,7.24,6.78,7.77,5.75,6.07,7.14,7.96,8.98,6.48,8.26,4.8
Mar-2010,7.32,4.67,7.91,7.36,6.7,6.5,10.53,9.29,9.23,7.35,6.41,7.6,6.53,7.06,8.12,6.32,4.86,12.17,9.5,11.52,9.49,5.54,6.64,8.79,8.76,6.61,11.08,12.19,9.53,7.23,8.92,8.76,5.47,6.88,8.04,7.15,9.07,11.82,6.54,5.93,7.56,4.96,5.95,7.02,6.56,8.72,5.92,7.74,4.34
Apr-2010,6.2,3.66,7.38,7.13,7.48,4.97,9.56,9.27,9.08,6.16,6.37,7,5.38,6.21,6.34,4.63,4.19,12.12,9.69,10.6,9.04,5.16,5.82,8.67,8.72,6.27,10.98,12.16,9.29,6.22,8.26,7.85,4.78,7.5,11.73,7.07,8.22,11.53,5.51,5.41,6.54,4.19,5.56,6.7,6.81,9.18,4.84,7.79,4.3
May-2010,5.99,4.08,7.4,6.73,6.41,4.65,9.02,9.36,7.84,6.02,6.31,6.35,5.78,5.45,5.15,5.02,4.42,10.58,9.07,10.34,9.01,5.41,6.05,8.36,7.28,5.39,10.63,11.95,9.56,6.56,8.16,7.57,5.47,9.32,10.8,7.04,7.3,12.24,5.8,5.51,6.32,4.4,4.99,6.52,6.48,8.85,5.2,6.53,5.46
Jun-2010,7.07,3.99,7.36,6.44,6.83,4.86,8.88,10.84,8.69,5.34,6.23,7.42,5.31,5.61,5.09,5.08,4.6,9.48,7.83,9.2,9.16,5.05,5.83,8.61,8.05,5.25,10.55,10.88,9.45,5.99,7.7,7.75,5.21,9.82,14.4,7.06,6.45,11.95,5.75,4.58,6.23,4.41,5.06,6.38,6.16,8.88,5.06,7.11,5.33
Jul-2010,8.32,4.54,7.93,6.44,6.78,5.2,9.47,12.05,8.52,5.93,6.07,7.98,6.03,5.69,5.32,5.6,4.94,9.35,8.79,9.34,9.55,5.62,6.18,8.26,7.41,5.36,10.48,11.14,9.7,6.05,7.66,7.95,5.96,9.99,10.11,7.16,7.35,12.51,6.25,5.85,6.4,4.97,6.56,6.48,6.87,9.53,5.41,7.83,5.37
Aug-2010,6.16,4.48,7.4,6.66,7.03,5.72,9.07,11.03,6.58,5.81,6.45,7.84,6.2,5.76,5.53,5.63,4.82,9.46,8.35,8.65,9.54,5.36,6.13,8.37,8.41,5.83,10.85,10.24,10.49,5.97,7.5,7.99,5.03,10.39,10.44,7.04,7.51,13.27,6.26,4.9,6.57,4.81,5.37,6.24,7.19,9.52,5.68,7.14,5.41
Sep-2010,5.18,3.41,7.29,8.13,6.34,5.3,8.44,11.84,8.61,5.71,6.31,6.82,4.54,5.59,5.05,4.54,4.04,9.39,8.52,8.35,9.32,4.68,5.34,8.74,9.19,5.54,10.07,11.18,8.36,5.57,8.31,8.02,5,9.36,8.02,7.09,7.59,13,5.22,5.57,5.98,3.91,5.32,6.14,6.32,9.93,4.41,6.36,5.32
Oct-2010,5.36,3.73,7.11,8.55,6.37,6.49,8.75,13.41,8.7,5.33,6.58,6.58,4.93,4.85,4.87,4.95,3.82,9.27,9.48,7.94,8.8,4.94,5.5,8.5,6.58,4.88,10.09,10.44,8.85,5.71,8.74,8.27,4.93,6.78,9.77,7.11,8.28,12.88,5.28,5.24,5.75,3.97,4.99,6.14,6.34,9.89,4.71,6.21,4.93
Nov-2010,5.3,3.21,6.31,7.61,6.18,5.71,8.81,11.46,8.74,5.86,6.02,6.02,5.44,5.58,5.71,4.61,3.77,10.6,9.06,10.85,8.74,5.07,5.18,8.77,8.74,5.15,9.68,10.97,8.32,5.76,9.11,7.48,4.87,7.01,9.9,6.91,8.56,12.15,4.95,5.95,5.25,3.52,5.35,6.17,5.8,9.78,4.33,7.21,5.28
Dec-2010,6.13,4.14,7.26,6.92,7.17,5.72,9.98,11.91,8.44,5.97,6.75,6.54,5.56,6.07,6.31,5.72,4.46,11.58,8.84,10.96,8.67,5.83,6.09,8.79,7.21,5.54,9.39,11.73,9.35,5.81,8.48,7.78,5.31,6.89,5.46,6.62,8.48,11.7,6.46,5.99,6.42,4.39,5.8,6.34,6.13,9.74,5.39,7.66,5.1
Jan-2011,6.21,4.09,6.97,7,7.38,6.06,9.78,12.27,8.27,5.9,6.8,6.38,7.7,6.51,7.05,5.62,4.63,11.74,8.98,11.15,8.6,5.75,6.14,8.57,8.89,5.93,9.4,11.66,9.43,6.46,8.25,7.94,5.22,6.52,5.68,6.86,10.02,11.41,5.94,6.46,6.49,4.35,6.11,6.45,6.43,9.63,5.33,7.66,5.26
Feb-2011,6.06,4.31,7.23,6.99,7.19,6.26,10.03,12.29,7.66,6.66,6.7,6.44,7.3,6.39,7.14,5.6,4.43,11.16,8.55,10.86,8.55,5.84,6.05,8.63,6.99,5.81,9.8,11.79,9.94,6.6,7.88,8.16,5.33,6.45,6.1,6.96,10.62,11.42,6.02,6.44,6.54,4.53,6.04,6.49,6.68,9.52,5.33,7.43,5.12
Mar-2011,5.41,3.64,6.91,7.12,7.39,6.29,9.2,11.1,8.51,6.1,6.7,7.05,6.42,6.18,5.29,4.99,4.15,11.47,8.5,11,8.34,5.78,5.82,8.67,8.36,6.02,9.61,11.85,8.71,6.29,8.72,7.89,5.09,6.33,5.17,6.92,10.32,10.98,5.53,6.47,6.2,4.01,6.08,6.37,6.33,9.73,4.78,7.35,5.14
Apr-2011,5.53,3.95,7.4,7.94,7,5.42,9.22,11.54,8.48,5.91,6.64,6.73,7.43,5.7,5.28,5.17,4.54,11.38,7.54,10.65,8.15,5.73,5.98,8.52,8.21,5.8,9.29,12.52,9.13,5.81,8.35,7.54,5.21,7.57,11.23,6.81,9.38,10.29,5.75,6.1,6.19,4.47,5.76,6.42,5.88,9.42,5.17,7.41,5.5
May-2011,6.1,4.18,6.77,8.06,6.95,5.96,8.92,11.36,8.01,6.09,6.56,7.07,6.11,5.47,5.27,5.32,4.58,9.9,8.35,9.42,8.31,5.55,6.01,8.6,8.2,5.56,9.37,12.57,8.94,5.8,9.11,7.37,5.38,8.12,11.13,6.84,8.76,9.72,5.82,6.34,6.09,4.5,5.46,6.48,7.32,9.4,5.24,6.6,5.53
Jun-2011,6.03,4.09,6.96,8.08,7.29,6.41,8.39,11.06,8.32,5.95,6.34,8.03,6.02,5.46,5.15,5.33,4.67,10.01,8.25,10.02,8.6,5.7,5.92,8.6,8.75,5.59,9.53,10.94,9.96,5.68,8.85,7.63,5.37,9.29,11.47,6.85,8.46,9.88,5.82,6.25,6.07,4.56,5.43,6.4,7.14,9.53,5.27,6.64,6.02
Jul-2011,5.79,4.06,7.31,7.23,7.22,7.3,8.61,11.33,8.67,6.14,6.47,8.8,6.5,5.63,5.2,5.14,4.64,8.64,8.92,10.16,8.56,5.81,5.96,8.4,9.5,5.6,9.04,10.92,10.29,6.22,7.5,7.74,5.18,9.49,11.15,6.92,8.68,12.33,5.82,6.33,6.25,4.39,5.29,6.39,7.01,9.64,5.14,6.39,6.23
Aug-2011,5.58,4.06,7.22,7.42,7.36,8.24,8.51,11.3,8.13,6.11,6.33,8.54,6.51,5.44,5.27,5.12,4.52,8.65,8.68,10.22,8.4,5.57,6.03,8.39,8.74,5.63,9.02,10.95,10,6.43,7.72,7.56,5.11,8.52,10.99,6.91,8.56,12.06,5.81,6.71,6.17,4.64,5.24,6.25,6.42,9.94,5.08,6.61,6.47
Sep-2011,5.2,3.57,6.97,7.84,6.82,8.61,8.5,10.98,8.44,5.84,6.3,8,6.4,5.43,5.03,4.91,4.18,8.61,8.63,9.48,8.23,5.06,5.72,8.49,9.36,5.51,8.8,10.87,10.56,6.06,8.15,7.57,4.97,7.59,10.25,6.75,8.98,11.1,5.34,6.44,5.93,4.17,5.29,6.19,5.42,9.49,4.49,6.12,6.36
Oct-2011,5.15,3.62,6.51,8.45,6.59,6.66,9.13,11.38,7.68,5.15,6.02,7.04,6.09,5.2,5.14,4.77,3.88,8.83,9.11,9.03,7.79,5.16,5.53,8.41,9.27,5.08,8.5,10.84,9.48,6.4,8.66,7.41,4.81,7.69,10.36,6.87,9.73,10.8,5.23,6.11,5.83,3.92,5.1,5.24,6.82,9.45,4.53,5.95,5.59
Nov-2011,5.04,3.4,6.52,7.35,6.53,5.74,8.98,11.55,7.44,5.65,5.23,6.56,6.04,5.75,5.21,4.92,3.56,11.29,8.85,9.71,7.86,5.13,5.43,8.7,7.66,5.19,8.1,11.8,8.33,6.66,8.41,7.39,4.88,6.29,8.26,6.74,10.38,10.5,5.1,5.67,5.9,3.63,5.04,5.51,6.28,9.17,4.2,7.04,5.51
Dec-2011,4.89,3.24,6.12,7.22,6.81,6.75,9.75,11.02,7.76,5.58,6.44,6.33,5.12,5.49,6.4,4.83,3.47,12.08,8.82,9.01,7.55,5.42,5.39,8.32,8.42,5.25,7.63,11.14,8.22,6.31,7.32,7.47,4.82,5.99,7.19,6.71,10.2,10.52,5.03,5.92,5.91,3.45,5.19,5.43,6.11,8.84,4.23,6.84,5.34
Jan-2012,4.84,4.24,6.26,7.25,6.71,5.83,9.86,11.11,9.61,5.07,6.37,5.88,6.56,5.49,6.41,4.74,3.15,11.89,8.05,11.26,7.77,4.84,5.41,8.15,8.13,5.17,7.86,10.99,8.7,5.85,6.81,7.37,4.74,5.49,6.66,6.36,10.26,10.27,4.83,5.89,6.04,3.31,5.22,5.29,6.31,8.89,3.83,6.28,6.27
Feb-2012,4.56,4.45,5.94,7.3,5.69,5.74,9.43,11.04,7.95,4.74,6.19,5.26,7.27,5.24,6.47,4.22,2.82,13.62,7.59,10.12,7.63,4.74,4.97,7.93,7.31,4.89,7.74,11,8.14,5.47,6.78,6.99,4.47,4.88,6.57,6.18,10.14,9.35,4.36,5.62,5.36,2.9,5.23,5.08,6.02,9,3.58,6.4,5.66
Mar-2012,4.11,3.35,5.67,7.34,6.57,6.08,8.18,11.27,7.91,4.28,6.01,5.81,8.28,5.26,3.79,3.93,2.48,12.57,8.75,10.36,7.29,4.77,4.87,8.14,7.94,4.7,7.9,11.15,7.45,5.14,7.42,6.84,4.38,4.91,6.76,5.83,10.21,8.76,4.06,5.35,4.83,2.55,5.29,4.97,5.38,8.91,3.56,6.75,5.18
Apr-2012,3.77,3,5.25,6.15,5.17,4.5,8.46,12.4,6.89,3.9,5.82,5.22,6.04,3.7,4.23,3.19,2.24,12.47,8.49,9.82,6.97,3.67,4.47,8.03,7.81,4.7,7.66,12.28,6.67,4.81,6.79,6.19,4.19,7.75,11.9,5.84,9.37,9.38,3.68,5.03,4.49,2.26,4.86,4.62,5.22,8.99,3.42,5.91,4.54
May-2012,3.67,5.11,5.13,5.36,4.86,6.29,8.62,11.67,7.73,3.81,5.79,5.46,5.71,3.3,3.43,2.98,2.41,8.44,7.95,7.05,7.06,3.08,4.39,7.63,8.46,3.63,7.85,10.33,6.4,4.27,6.64,5.89,3.89,6.95,17.19,5.8,8.68,9.67,3.43,4.71,4.19,2.22,4.2,4.43,4.97,9,3.5,4.11,3.46
Jun-2012,3.99,6.27,5.82,5.14,5.27,6.15,7.55,13.25,7,4,5.63,5.88,5.86,3.5,3.43,3.31,2.61,6.77,9.64,8.26,7.41,3.76,4.08,7.38,8.48,3.15,8.15,9.83,6.98,3.98,6.78,5.87,4.32,7.3,6.75,5.78,10.18,10.35,3.78,4.36,4.28,2.66,4.07,4.55,5.29,9.05,3.68,4.33,3.47
Jul-2012,4.17,6.39,5.78,5.34,5.58,7.6,7.86,14.44,6.07,4.63,5.53,5.73,5.27,4.21,3.64,3.51,3.02,7.41,9.99,7.92,7.33,3.67,4.46,7.93,8.95,3.29,7.71,9.62,6.51,4.4,6.18,5.93,4.35,7.56,9.27,5.81,7.96,10.9,4.12,5.24,4.48,3.01,4.23,4.67,4.83,9.21,3.61,4.6,4.36
Aug-2012,4.29,4.8,5.91,5.6,5.75,7.32,7.3,12.19,6.56,4.7,5.55,6.58,5.22,4.26,3.9,3.82,3.11,7.31,8.95,7.87,7.56,3.94,4.81,7.54,7.1,3.92,7.65,10.33,7.07,4.86,6.3,5.89,4.81,5.89,9.73,5.93,8.7,10.79,4.36,5.17,4.8,3.32,4.34,4.85,5.17,9.22,3.61,4.99,4.71
Sep-2012,4.1,4.53,5.4,5.44,5.3,5.97,8.84,11.41,6.48,4.69,5.65,5.68,5.83,4.34,3.85,3.54,2.92,6.94,8.94,8.85,7.17,3.79,4.65,7.49,6.65,4.15,7.4,9.79,6.96,4.95,6.87,6.02,4.57,5.68,6.22,6.01,9.43,10.7,3.98,4.81,4.56,2.92,4.35,4.83,4.99,9.19,3.65,4.62,5.08
Oct-2012,4.46,4.14,5.94,5.56,5.45,6.3,8.5,11.95,6.24,4.91,5.23,5.21,5.42,4.21,4.35,3.96,3.35,5.93,8.89,8.96,7.7,3.98,4.64,7.65,6.81,3.94,7.02,8.9,6.94,5,6.97,5.7,4.53,5.94,8.21,5.98,8.98,10.97,4.37,4.79,4.83,3.28,4.45,4.9,4.95,8.81,3.71,4.85,4.62
Nov-2012,4.98,5.95,5.98,6.48,5.94,5.33,9.63,11.74,6.16,5.32,5.28,5.44,5.18,5.4,4.73,4.71,3.68,9.28,7.49,11.03,7.09,4.72,5.16,7.84,6.98,4.22,6.37,9.6,8.22,5.25,7.53,6.03,4.49,5.41,8.9,5.46,9.29,10.02,5.09,5.37,5.5,3.65,4.78,4.91,4.83,8.27,3.55,6.39,5.03
Dec-2012,4.95,6.59,6.08,6.81,6.68,5.33,11.18,11.61,6.52,5.78,5.36,6.05,5.21,5.75,5.32,4.93,3.79,13.12,7.44,10.35,7.11,4.9,5.65,7.76,7.46,5.06,6.05,10.05,8.53,5.62,7.24,6.63,4.73,5.16,7.97,5.32,9.24,7.52,5.32,6.23,5.82,3.9,5.4,5.02,5.16,7.83,3.51,6.63,5.99
Jan-2013,4.98,8.53,5.92,6.79,6.73,5.09,7.19,11.76,6.85,5.39,5.52,5.72,6.26,5.62,6.48,4.54,3.54,12.99,7.97,10.52,7.12,4.58,5.32,8.08,7.8,5.08,6.21,10.15,8.06,5.61,7.38,6.7,4.15,5.75,6.22,5.8,9.17,8.14,5.16,6.21,5.7,3.58,5.49,6.62,5.55,8.39,4.2,6.36,4.33
Feb-2013,5.05,8.08,5.86,6.78,6.09,5.36,7.03,11.16,6.51,5.19,5.5,5.55,7.27,5.56,6.12,4.44,3.43,12.38,7.52,10.49,7.06,4.47,5,8.07,7.62,4.82,6.16,10.34,7.73,5.49,7.11,6.77,4.06,5.41,7.07,5.89,9.04,8.08,5.02,5.35,5.66,3.48,5.37,5.67,5.46,8.35,4.23,6.06,4.18
Mar-2013,5.16,8.04,5.91,6.58,6.39,5.62,6.74,11.17,7.63,5.31,5.36,5.85,7.13,5.81,5.47,4.59,3.76,12.24,7.72,10.83,6.76,4.58,4.92,8.06,7.41,4.88,6.22,11.35,8.18,5.31,7.83,6.64,4.13,5.61,6.94,5.82,9.03,8.66,5.18,5.28,5.52,3.65,5.4,6.56,5.54,8.31,4.38,6.21,4.22
Apr-2013,5.34,7.9,6.85,6.8,6.44,5.68,6.83,11.01,6.17,5.85,5.3,6.4,7.16,5.21,4.99,4.91,4.25,12.54,9.25,10.82,6.92,4.85,5.16,8.48,7.61,4.83,6.35,11.35,7.53,5.05,7.65,6.38,4.55,5.9,4.65,5.87,8.84,9.03,5.49,5.74,5.78,4.27,5.31,7.54,5.67,8.47,4.23,6.6,4.61
May-2013,5.22,7.85,6.3,6.84,6.74,6.05,6.97,11.76,7.2,5.96,5.23,7.28,6.54,5.35,5.23,4.99,4.3,10.37,10.72,10.21,7.48,5.57,5.79,8.08,9,5.06,6.45,9.71,8.18,5.21,7.37,7.07,4.51,6.56,7.77,5.89,9.03,8.91,5.65,5.86,6,4.48,5.16,9.77,6.32,8.5,4.11,6.12,4.77
Jun-2013,5.22,9.62,6.55,6.87,7.07,7.08,7.15,12.7,7,5.62,5.1,7.35,6.7,5.39,4.97,5.1,4.25,8.93,10.88,9.04,7.52,5.82,6.31,8.09,7.69,5.2,6.81,11.03,8.68,5.49,7.99,7.18,5.01,7.63,9.59,5.81,8.7,9.58,5.65,6.15,5.83,4.38,5.16,10.01,6.87,8.64,4.69,6.01,5.09
Jul-2013,4.79,8.69,6.27,6.91,6.88,7.53,6.8,12.67,7.21,5.36,5.26,7.5,7.19,4.85,4.78,4.68,3.85,8.53,12.05,8.75,7.74,5.53,6.19,7.94,7.87,4.56,6.95,11.68,9.46,5.61,7.35,7,4.63,6.72,10.65,5.66,9.44,10.67,5.21,6.49,5.5,3.91,5.38,9.74,6.86,8.46,4.07,5.4,4.66
Aug-2013,4.49,8.02,6.71,6.79,6.68,7.5,6.36,11.79,6.87,5,4.96,7.95,5.94,4.84,4.54,4.54,3.63,8.07,9.7,9.82,7.1,5.04,5.81,8.2,6.37,4.16,7.19,11.91,10.04,5.41,6.89,7,3.85,6.19,17.56,5.85,9.85,10.5,4.92,6.3,5.29,3.77,4.97,10.31,6.42,8.42,4.14,5.17,4.36
Sep-2013,4.51,7.86,7.01,6.91,6.27,7.35,6.49,10.89,6.66,4.99,5.04,6.15,6.05,4.99,4.3,4.92,3.75,7.86,11.06,8.21,7.23,4.82,6.5,8.47,6.74,5.04,6.93,12.78,8.62,5.47,7.17,6.83,3.77,6.53,12.28,5.82,8.85,10.03,5.04,6.14,5.3,3.8,5.02,10.71,6.53,8.21,4.4,5.06,4.46
Oct-2013,4.66,7.95,6.57,7.19,6.16,6.79,6.52,11.09,6.91,4.93,5.58,6.04,5.3,5.05,5.02,4.84,3.74,7.6,8.98,7.8,6.76,4.92,6.58,7.98,7.08,4.26,7.2,12.65,8.89,5.91,7.7,6.73,3.91,7.34,6.82,5.57,9.44,10.01,4.99,4.98,5.34,3.75,4.9,11.2,6.17,7.91,4.29,5.01,4.35
Nov-2013,4.98,7.89,6.27,6.49,6.54,5.61,6.49,10.93,6.25,5.43,6,5.61,5.77,5.58,5.55,5.08,3.72,8.75,8.87,10.5,6.73,5.35,6.75,8.34,6.99,4.66,7.13,10.36,8.42,5.95,7.51,7.03,4.19,6.05,9.61,6.12,9.29,8.81,5.3,5.36,5.56,3.83,4.95,10.78,5.98,8.22,4.14,6.15,4.5
Dec-2013,5.2,7.88,6.38,6.47,7.22,5.78,7.27,10.02,6.29,5.87,6.17,5.65,6.44,5.98,6.51,5.37,4.17,10.5,8.6,10.72,6.73,5.13,6.56,8.43,6.94,4.4,6.91,10.92,8.54,5.98,7.39,7.37,4.23,5.92,5.89,5.48,9.4,8.72,5.63,5.7,5.91,4.11,5.47,9.31,6.16,8.54,4.6,6.31,4.73
Jan-2014,5.75,8.66,6.28,6.74,7.5,6.28,7.86,10.35,7.66,6.27,6.17,6.33,7.64,7.2,6.94,5.86,5.11,11.37,9.34,11.19,7.08,5.69,6.38,7.58,7.17,5.37,6.89,9.64,10.06,5.82,8.01,7.62,5.07,6.11,6.71,6,10.02,8.76,6.88,6.1,6.42,4.63,5.89,6.9,5.97,8.63,4.56,7.24,5.37
Feb-2014,6.77,8.41,7.57,6.5,7.65,6.67,8.91,10.2,6.57,7.25,6.17,7,6.97,8.77,7.74,7,6.42,12.73,10.46,11.68,8.19,7.01,6.3,7.39,7.22,4.51,7.28,10.26,11.7,6.47,8.64,8.02,7.48,7.37,6.32,5.96,9.47,8.87,7.41,6.97,7.15,5.69,6.1,6.93,6.48,8.55,5.19,8.09,5.51
Mar-2014,5.54,7.86,7.61,6.46,8.86,7,8.62,10.18,6.9,6.56,6.58,9.26,9.83,8.87,7.73,6.2,5.57,13.86,8.67,13.08,8.87,10.04,5.62,7.95,8.61,6.18,7.64,10.57,10.82,6.69,9.38,7.58,9.44,6.91,10.19,5.97,11.17,9.09,6.77,8.55,6.98,5.05,6.41,10.64,6.85,8.51,5.03,11.91,6.52
Apr-2014,5.82,7.82,7.36,6.92,8.24,6.94,8.83,10.81,6.86,6,5.88,11.32,8.89,7.91,6.37,5.67,5.22,13.58,9.76,13.53,7.44,6.22,5.58,8.43,9.35,6.26,7.39,12,9.93,6.46,8.68,7.54,5,7.36,8,6.02,9.89,9.42,6.25,7.83,6.63,4.87,6.31,6.1,6.84,8.26,4.69,8.98,7.04
May-2014,6.1,7.84,7.55,7.11,7.71,7.22,8.93,10.88,7.23,6.23,5.72,10.08,7.68,7.78,5.79,5.86,5.36,11.01,12.22,11.59,8.02,6.28,6.3,8.49,10.34,5.36,7.52,11.13,9.25,6.05,8.66,7.72,4.76,8.11,15.07,6.01,10.32,11.39,6.33,6.79,6.61,5.03,5.49,6.1,6.59,8.36,4.5,10.57,6.08
Jun-2014,5.72,7.85,7.6,7.02,7.65,7.75,7.89,11.53,6.9,6.34,6.14,9.49,6.68,8.66,5.67,5.73,5.26,10.3,10.14,10.21,8.14,6.09,6.86,8.39,9.58,4.87,7.66,9.9,10.41,6.24,8.1,7.35,4.57,8.56,22.75,6.09,10.7,10.71,6.16,7.25,6.41,4.82,5.54,6.42,6.45,8.44,4.58,6.72,6.08
Jul-2014,4.99,8.1,7.59,7.12,7.84,7.7,7.25,10.43,7.29,6.14,5.63,10.61,8.5,7.6,5.6,5.52,4.89,10.53,11.73,10.32,8.61,6.14,6.93,8.38,10.23,5.96,8.6,8.6,10.88,6.24,7.93,7.31,4.43,7.03,8.91,6.16,10.15,12.68,5.9,7.59,6.04,4.9,5.82,5.97,6.74,8.49,5.35,7.37,6.01
Aug-2014,4.74,7.84,7.46,7.25,7.38,8.05,7.02,11.58,7.16,5.4,6.01,11.94,7.39,8,5.15,5.17,4.4,9.69,11.04,9.88,8.11,5.57,6.18,8.11,10.01,5.98,8.86,8.62,11.68,6.05,7.48,7.51,4.11,7.18,9.77,6.35,10.82,11.53,5.25,7.55,5.55,4.36,5.76,5.48,6.27,8.44,5.13,6.52,6.15
Sep-2014,4.82,8.01,8.06,7.15,7.35,7.58,7.39,12.25,6.41,5.57,5.67,7.72,6.27,7.8,5.09,5.49,4.52,8.74,11.2,9.5,7.98,6.01,5.7,8.02,7.83,6.18,8.48,7.76,10.27,5.97,6.75,7.64,5.68,8.1,11.05,6.34,10.46,11.41,5.46,7.08,5.54,4.35,5.55,5.58,6.33,8.42,5.27,6.93,5.74
Oct-2014,4.75,7.87,8.12,7.31,7.22,7.16,7.23,11.91,6.91,5.58,5.93,6.32,5.91,6.67,5.58,5.47,4.54,9.01,10.41,8.45,7.6,6.09,6.08,7.99,7.36,5.98,8.54,6.25,8.33,6.28,6.71,7.66,4.44,7.3,14.47,6.13,11.22,11.94,5.39,6.7,5.68,4.26,5.53,5.86,6.48,8.38,5.13,6.3,5.3
Nov-2014,5.24,7.73,7.64,7.45,6.89,6.51,7.46,10.71,6.64,5.55,5.38,6.11,5.22,6.49,5.7,5.23,4.51,13.61,9.45,11.28,7.27,5.66,6.03,8.25,7.84,5.95,8.31,7.31,10.22,6.13,7.03,7.02,4.9,7.07,8.63,6.65,9.16,10.76,5.59,5.71,5.76,3.98,5.69,5.9,6.16,8.73,5.24,6.98,5.74
Dec-2014,5.25,7.76,7.68,7.51,7.67,6.22,8.41,9.65,6.48,5.95,6.11,6.64,7.23,6.91,6.35,5.78,4.63,14.34,11.02,11.98,7.41,6.57,6.26,8.36,7.64,6.43,7.84,8.74,9.99,6.06,7.19,7.42,5.5,6.95,5.14,6.73,8.92,9.28,6.08,5.94,6.37,4.5,6.54,6.37,6.29,9.06,5,7.59,5
Jan-2015,4.67,6.97,7.25,7.88,7.67,6.01,7.89,9.91,8.4,5.34,6.04,6.02,7.52,6.42,6.97,5.28,3.9,15.2,10.06,11.74,7.06,5.89,6.12,7.91,8.14,4.84,7.94,14.13,8.81,5.84,7.43,7.06,3.92,5.26,7.62,7.56,8.74,9.12,5.77,6.04,6.18,3.38,6.65,5.7,5.76,9.66,3.72,6.78,6.48
Feb-2015,4.97,7.08,7.51,7.9,6.77,6.15,6.52,10.25,7.12,4.98,6.03,5.13,6.69,5.65,5.81,5.12,3.69,15.22,9.64,10.86,6.98,5.83,5.46,7.65,7.34,4.34,8.27,12.47,8.26,5.06,7.04,7.52,3.86,5.44,7.4,7.6,8.96,9.01,5.99,5.52,5.75,3.11,6.74,6.25,5.28,9.43,3.31,6.67,5.4
Mar-2015,4.7,6.88,7.15,7.7,6.89,6.2,5.81,10.2,6.53,5.02,5.9,5.74,7.18,5.69,5.74,5.13,3.51,15.12,8.81,9.6,6.7,5.82,5.72,7.79,7.22,5.39,8.32,12.09,7.96,4.93,7.21,6.69,3.77,5.22,6.57,7.52,7.85,9,4.96,5.31,5.69,3.01,6.72,5.98,5.32,8.94,3.43,6.4,5.17
Apr-2015,4.15,6.7,6.96,6.84,6.45,5.49,6.77,9.56,6.05,4.22,5.82,5.75,9.14,4.48,4.43,4.43,3.24,14.71,8.08,9.67,6.21,4.54,4.72,7.95,6.97,5.53,8.71,10.89,7.87,4.52,7.21,6.11,3.01,5.28,9.41,7.06,8.25,9.2,4.36,5.42,4.99,2.88,6.5,5.29,5.15,9.58,3.24,4.46,5.36
May-2015,3.7,6.86,6.54,6.41,5.51,5.32,6.18,9.78,5.88,4.14,5.75,5.66,6.14,4.77,4.16,4.2,2.95,5.5,10.17,8.73,6.59,4.19,4.43,7.33,6.46,4.13,9.06,8.31,7.82,4.11,6.54,5.67,2.81,5.71,6.31,7.11,9.59,9.75,4.2,5.5,4.84,2.82,5.94,5.23,5.33,9.24,3.1,4.42,5.02
Jun-2015,4.09,6.84,6.86,6.09,6.29,6.58,6.01,9.09,5.78,4.41,5.74,5.94,5.7,4.78,4.08,4.52,3.41,4.61,12.71,6.9,6.78,4.62,4.33,7.52,4.87,3.83,9.18,7.16,8.13,4.44,6,5.83,2.9,7.24,8.96,7.06,10.21,9.38,4.57,5.14,4.87,3.04,5.72,5.17,5.08,9.48,3.13,5.07,5.2
Jul-2015,3.97,6.78,6.76,6.61,6.08,7.39,5.86,10.89,6.7,4.34,5.99,6.06,6.29,5.46,3.99,4.35,3.46,4.68,11.89,6.66,6.44,4.53,4.52,7.88,6.38,4.27,8.71,6.14,8.19,4.53,5.86,5.95,3.11,5.4,8.63,7.12,10.06,9.61,4.47,5.71,4.8,3.08,5.2,5.9,4.81,10.07,3.17,4.54,4.63
Aug-2015,4.06,6.82,6.55,6.59,6.12,6.65,5.64,11.38,6.04,4.38,5.98,5.96,5.85,5.13,3.94,4.06,3.49,4.81,9.99,6.91,7.02,4.68,3.97,7.29,5.9,4.33,8.16,6.05,8.75,4.6,5.33,5.87,2.95,6.09,8.77,7.23,10.35,10.09,4.59,5.73,4.8,3.13,5.32,4.53,4.56,9.35,3.18,4.91,4.75
Sep-2015,3.83,6.83,6.58,6.44,6.15,6.22,6.58,11.4,6.09,4.28,5.82,6.19,5.21,6.19,3.9,3.88,3.31,4.72,8.76,6.26,6.75,4.17,4.49,7.96,6.97,4.27,8.58,5.1,8.31,4.7,5.83,6.14,2.81,6.64,12.85,7.21,10.37,9.79,4.38,6.04,4.63,2.95,5.3,4.65,4.86,9.25,3.14,4.56,4.75
Oct-2015,3.62,6.85,6.32,6.43,5.94,6.03,5.75,11.15,6.3,4.14,5.66,5.39,4.27,4.57,4.17,3.79,3.16,4.56,9.52,5.51,6.33,4.24,4.24,7.17,5.84,4.12,7.72,5.48,7.34,4.69,5.57,6.04,2.76,5.61,9.9,7.25,8.93,9.92,4.27,5.13,4.45,2.78,5.24,5.58,4.69,8.73,3.16,4.69,4.56
Nov-2015,3.46,6.77,6.3,5.99,5.83,5.2,5.85,9.62,6.22,3.76,4.83,4.59,4.42,5.28,4.61,3.45,2.76,8.2,10.9,7.31,5.76,4.13,4.28,6.97,6.14,4.08,7.12,7.53,7.09,4.6,6.01,5.73,2.58,4.74,7.9,6.31,8.47,9.48,4.09,4.56,4.47,2.29,5.35,5.42,3.95,7.92,2.09,5.37,4.63
Dec-2015,3.62,6.84,6.39,5.64,6.99,4.52,6.58,8.32,6.1,3.86,5.29,4.65,4.79,4.62,5.61,3.59,3,8.5,10.84,8.9,5.78,4.24,4.15,6.91,5.52,4.79,6.61,9.87,7.52,4.26,6.26,5.87,2.88,4.65,6.18,6.22,7.62,8.22,4.25,4.56,4.58,2.38,6.01,5.81,4.48,7.32,2.53,5.43,4.01
Jan-2016,3.65,4.88,6.51,5.94,6.56,4.21,6.08,8.09,6.37,4.14,5.41,4.29,4.47,5.01,6.75,4.03,3.08,8.46,8.3,7.64,5.72,4.4,4.58,6.06,6.3,4.41,6.5,9.6,6.44,4.25,6.22,5.34,2.48,4.36,3.84,5.61,7.09,8.61,4.83,4.83,4.69,2.45,6.08,5.14,4.79,7.38,2.47,5.76,3.95
Feb-2016,3.66,6.74,6.22,5.67,6.9,4.5,5.69,7.93,6.12,4.07,5.46,4.54,4.98,4.36,6.25,3.87,2.95,8.52,8.45,7.78,5.88,4.35,4.52,6.28,6.72,4.32,6.66,8.96,6.25,4.06,6.24,5.61,2.89,4.17,2.09,5.78,6.84,8.44,4.21,4.51,4.77,2.39,6.44,5.17,4.48,7.72,2.69,5.47,3.82
Mar-2016,3.21,6.75,5.91,5.83,6.67,4.95,5.82,8.24,6.29,3.56,5.46,4.74,4.81,4.86,4.29,3.53,2.41,8.51,8.54,7.43,5.57,3.89,4.28,6.1,5.92,4.32,6.75,7.97,6.9,3.76,6.2,5.7,2.14,4.1,2.17,5.76,7.23,8.4,3.58,4.5,4.28,1.88,5.97,4.96,4.39,7.47,2.59,4.96,3.68
Apr-2016,3.22,6.36,5.7,5.31,5.7,4.36,6.82,7.91,5.73,3.55,5.51,4.94,4.52,4.44,3.44,3,2.5,8.46,7.56,7.49,5.54,3.5,4,6.02,5.79,3.77,6.22,7.9,5.14,3.46,5.88,5.33,2.13,4.25,3.12,5.8,6.75,8.77,3.22,4.1,3.83,2.08,5.68,4.93,3.78,7.38,2.17,5.07,3.65
May-2016,2.97,3.69,5.64,5.27,5.84,4.25,6.56,8.56,5.2,3.6,5.44,4.45,4.22,4.07,3.39,3.42,2.57,5.78,7.35,7.25,5.75,3.6,3.72,5.53,5.17,3.27,6,7.48,5.61,3.39,5.72,5.11,1.95,5.33,3.53,5.73,8.25,8.91,3.56,4.33,3.8,2.14,5.14,5.13,4.08,7.33,2.28,3.98,3.71
Jun-2016,3.34,4.58,4.97,5.21,5.8,5.46,6.03,8.72,5.3,3.65,5.46,5.49,5.13,4.44,3.31,3.05,2.5,5.55,9.8,6.13,5.98,3.7,3.85,6.03,6.63,3.35,6.11,7.14,6.53,3.5,5.55,5.09,2.13,5.58,4.05,5.77,7.99,8.76,3.58,4.78,3.68,2.16,5.1,4.97,4.31,8.16,2.4,3.45,3.66
Jul-2016,3.98,5.17,5.81,5.33,6.3,6.17,6.17,8.94,5.45,4.27,5.43,6.99,5.89,4.66,3.48,4.07,3.4,5.58,13.8,6.3,6.38,4.41,3.86,7,5.18,3.67,6.52,8.24,7.74,3.93,5.56,5.15,3.03,6.76,3.82,5.59,9.17,8.91,4.46,5.2,4.42,2.98,5.02,5.61,4.16,7.76,2.3,4.64,3.6
Aug-2016,3.82,5.64,5.98,5.81,6.91,6.31,6.15,10.24,5.77,4.38,5.46,7.16,6.11,4.33,3.55,3.73,3.17,5.99,12.5,6.33,6,4.19,4.48,6.36,6.78,3.97,5.8,8.21,7.78,4.29,5.7,5.2,3.76,6.46,4.57,5.73,5.79,9.22,4.24,6.01,4.36,3.02,5,5.31,4.55,7.77,2.26,4.3,3.94
Sep-2016,4.11,4.45,5.56,5.76,7.35,6.12,6.06,11.86,5.28,4.49,5.41,6.07,5.9,4.96,3.69,4.06,3.36,6.09,10.34,6.06,6.05,4.21,4.5,6.12,6.08,4.08,5.88,8.06,6.95,4.54,5.29,5.26,2.87,6.43,4.85,5.66,8.65,9.16,4.37,6.12,4.49,3.15,4.93,5.14,4.46,7.33,2.33,4.61,3.93
Oct-2016,4.24,4.53,5.61,5.8,7.27,6.08,5.97,10.31,6.14,4.47,4.63,5.72,5.06,4.94,3.63,4.24,3.53,5.99,10.69,7.11,6.11,4.28,4.59,6.04,5.84,4,5.21,7.58,6.42,4.72,5.56,5.26,2.91,6.07,3.13,5.75,8.56,9.01,4.48,5.09,4.7,3.22,4.96,5.13,4.41,7.2,2.52,4.64,4.27
Nov-2016,4.33,4.83,5.82,6.3,7.48,5.02,5.62,10.07,5.77,4.42,4.61,5.83,5.36,4.68,4.54,4.36,4.05,8.83,9.47,8.15,5.55,4.35,4.81,6.7,5.94,4.25,5.07,9.06,7.24,4.3,5.69,5.46,2.86,5.45,3.7,5.82,8.35,8.83,4.77,4.94,4.8,2.93,5.17,5.2,4.46,7.24,2.4,5.35,4.64
Dec-2016,4.91,5.21,5.94,6.59,8.44,4.75,6.07,9.04,5.6,4.93,4.51,5.22,5.28,5.15,5.27,4.57,3.89,9.38,8.97,8.41,5.63,4.65,4.7,6.97,6.17,4.51,4.6,10.11,7.29,4.86,6.11,6.12,3.45,4.95,2.36,5.72,7.75,8,5.3,4.78,5.31,3.35,5.89,5.68,4.79,7.38,2.52,5.66,4.58
Jan-2017,5.01,5.06,6.18,6.7,8.38,5.37,7.25,8.93,6.12,5.45,4.51,6.12,5.82,5.22,6.74,5.14,4.52,9.33,9.5,8.22,5.76,5.15,5.47,6.88,6.56,4.73,4.36,10.13,8.07,5.57,6.91,6.66,3.96,6.87,4.41,5.25,7.79,8.06,5.78,5.23,5.76,3.84,6.03,6.02,5.38,7.19,3.1,6.32,4.18
Feb-2017,4.65,4.99,6.04,6.67,7.96,5.48,7.71,9.11,6.44,5.09,4.58,6.15,6.08,5.14,6.88,4.9,4.56,9.35,9.83,8.42,5.99,4.86,5.92,7.12,6.93,5.23,4.38,10.27,8.69,5.91,7.46,6.65,3.45,6.56,3.82,5.39,7.92,8.34,5.15,5.38,5.61,3.43,5.98,5.67,5.61,7.59,3.45,5.55,4.52
Mar-2017,4.06,5.13,5.95,6.61,7.71,5.6,6.73,9.57,6.49,4.26,4.51,5.87,5.69,4.69,5.07,4.34,3.59,9.27,8.53,8.16,5.88,4.42,5.28,6.95,6.83,4.81,4.47,9.13,7.09,5.02,7.5,6.34,2.66,5.85,2.85,5.43,8.01,8.39,4.47,5.03,5.03,2.81,5.87,5.34,4.67,7.35,3.15,5.34,4.37
Apr-2017,4.24,5.02,6.18,6.78,7.19,5.19,6.32,9.07,5.97,4.71,4.56,6.31,7.03,5.06,4.67,4.42,3.14,9.28,11.43,8.27,6.1,4.4,4.62,6.45,6.02,4.33,4.61,8.88,6.82,4.61,7.86,6.35,2.89,6.54,3.22,5.29,8.68,8.67,4.83,4.59,4.93,3.34,5.7,5.04,4.87,7.52,2.89,5.82,4.24
May-2017,4.17,4.96,6.31,6.5,7.05,5.66,6.45,9.81,6.08,4.61,4.43,6.78,6.32,5.31,4.74,4.37,3.32,6.61,10.57,9.01,6.4,4.23,4.92,6.04,6.55,4.33,5.15,7.98,7.04,4.81,7.21,6.07,2.81,8.06,3.25,5.28,8.22,8.55,4.7,5.25,4.86,3.37,5.14,4.78,5.04,7.52,2.91,4.69,3.96
Jun-2017,4.19,4.96,6.86,6.67,7.01,6.08,5.83,10.22,6.06,4.63,4.58,6.7,7.93,5.51,4.01,4.48,3.74,6.48,11.92,7.09,6.44,4.44,4.84,6.02,6.52,4.44,5.48,7.14,8.19,4.88,7.79,5.97,2.95,9.21,3.46,5.39,8.99,8.43,4.83,5.22,4.94,3.51,5.04,4.68,5.41,7.38,2.95,4.74,4.24
Jul-2017,4.07,3.04,6.49,6.72,6.59,6.35,5.93,13.5,5.98,4.42,4.47,7.16,7.11,5.43,3.83,4.27,3.62,6.34,11.29,7.45,6.47,4.14,5.02,6.21,6.68,4.4,5.74,7.81,7.83,4.87,8.05,6.04,2.85,8.69,3.44,5.41,10.5,8.74,4.98,5.65,4.77,3.4,5.2,4.51,4.94,7.73,2.9,4.24,4.39
Aug-2017,3.93,3.16,7.26,7,6.43,5.91,6.06,13.21,6.34,4.57,4.46,6.43,7.98,5.18,3.76,4.18,3.55,5.42,10.68,7.25,6.78,4.19,4.8,6.24,5.72,4.32,6.03,7.58,8.21,4.95,6.72,6.07,2.82,7.85,3.05,5.5,9.36,8.74,4.57,5.66,4.66,3.19,5.12,4.47,5.22,7.42,2.84,4.54,4.35
Sep-2017,3.89,3.63,6.77,6.64,6.24,5.77,6.42,10.08,6.09,4.64,4.41,5.72,7.01,5.33,3.88,4.15,3.46,5.3,11.23,7.19,6.93,4.24,4.91,6.03,6.4,4.38,5.69,7.99,8.34,4.87,6.18,6.09,3.79,8.04,2.88,5.19,9.13,8.59,4.71,6.07,4.7,3.21,5.13,4.48,4.92,7.22,2.8,4.66,4.38
Oct-2017,3.92,4.02,6.72,6.61,6.09,7,6.01,10.38,6.24,4.46,4.34,5.1,5.43,5.06,4.62,4.26,3.53,5.26,10.8,5.53,6.02,4.4,4.89,6.43,6.51,4.21,5.65,7.66,8.64,5.15,6.45,5.89,2.89,7.24,2.99,5.17,9.16,8.41,4.59,5.38,4.69,3.11,5.15,4.42,4.69,7.11,3.02,4.46,4.36
Nov-2017,4.12,4.59,6.92,6.6,6.38,5.18,6.12,12.01,6.18,4.35,4.1,4.99,5.34,5.12,4.93,4.26,3.41,9.29,9.26,7.76,5.96,4.05,4.86,6.96,6.57,4.28,5.48,8.92,8.07,5.3,6.69,6.02,3.12,6.42,2.9,5.28,8.95,8.45,4.54,4.63,4.95,2.98,5.45,4.4,4.64,7.34,4.06,5.54,4.25
Dec-2017,4.32,4.73,6.57,6.46,7.14,5.04,6.16,10.51,5.97,4.58,4.37,4.86,4.85,5.55,5.71,4.54,3.35,9.59,9.72,8.95,5.63,4.66,5.08,6.84,7.22,4.45,5.21,10.03,8.08,5.37,7.21,6.29,3.96,6.24,3.16,5.18,8.91,8.62,5.18,4.88,5.22,3.21,6.02,4.71,5.15,7.45,4.11,5.6,4.21
Jan-2018,4.68,5.79,6.55,6.77,7.63,5.36,6.35,10.25,7.44,4.43,4.25,5.3,6.24,5.55,6.93,4.53,3.85,9.74,9,10.05,5.71,4.91,5.35,6.9,7.08,4.84,5.39,9.62,8.46,5.04,7.4,7.12,3.84,6.06,3.21,5.2,8.27,8.62,6.11,4.7,5.46,3.35,6.05,5.08,5.01,7.45,3.43,5.73,4.05
Feb-2018,4.82,5.68,6.95,6.83,7.56,5.45,6.49,9.75,5.93,5.19,4.14,6.07,5.74,6.08,6.66,5.09,3.57,11.72,8.59,11.52,5.9,5.41,5.48,6.8,6.44,4.89,5.39,9.39,8.85,4.96,7.93,6.45,4.12,6.46,3.41,5.24,9.76,8.75,5.42,4.76,5.84,3.81,6.12,5,5.27,7.58,4.4,6.21,4.23
Mar-2018,3.87,5.4,6.89,7.08,7.53,5.53,6.49,9.57,6.91,4.46,4.09,5.16,5.72,5.28,4.53,4.42,3.75,11.75,8.3,12.4,5.9,4.43,5.37,6.86,6.61,5.09,5.47,10.88,8.96,4.67,8.54,5.88,2.75,6.42,2.58,5.21,8.68,10.14,4.69,4.86,5.17,2.89,5.94,4.33,4.98,7.55,3.13,5.31,4.2
Apr-2018,3.84,5.02,6.2,6.59,6.44,5.17,6.44,9.35,6.55,4.62,4.18,5,5.96,5.18,4.4,4.13,3.08,11.2,8.81,13.39,5.83,4.16,4.82,7.03,6.86,4.18,5.54,11.69,6.7,3.79,7.95,6.08,2.62,6.3,1.73,4.95,8.63,11.29,4.4,4.23,4.82,3.01,5.66,4.22,4.61,7.46,3.1,4.25,4.3
May-2018,3.84,5.65,6.41,6.53,6.17,5.78,6.86,9.96,6.44,4.39,4.23,5.51,6.29,4.37,4.18,4.03,3.54,6.83,9.38,10.62,6.21,4.43,4.74,6.03,6.26,3.79,5.85,10.84,6.61,2.99,7.99,5.95,2.69,6.86,2.06,4.91,8.78,11.41,4.35,4.38,4.59,3.13,5.15,4.18,4.99,7.62,3.16,4.03,3.92
Jun-2018,3.83,5.45,6.41,6.64,6.17,6.93,6.83,9.77,5.57,4.13,4.12,6.12,6.42,4.33,4.15,3.9,3.38,6.32,9.65,7.68,6.69,4.58,4.73,5.69,6.25,3.78,6.22,7.51,6.67,2.48,8.09,5.8,2.69,7.67,2.24,4.79,9.86,11.46,4.41,4.78,4.36,3.25,5.01,4.14,4.86,7.13,3.2,4.31,3.25
Jul-2018,3.84,6.13,6.36,7.05,6.52,7.03,6.53,10.35,5.95,4.42,4.2,7.17,7.23,4.46,4.12,3.94,3.23,6.43,9.93,7.46,6.14,4.57,4.82,5.86,5.7,4.16,6.04,7.86,6.93,2.79,7.97,5.74,2.77,8.19,2.44,5.05,10.1,11.63,4.67,5.58,4.52,3.22,4.49,4.22,4.95,7.65,3.28,3.97,3.22
Aug-2018,3.82,5.99,5.03,7.04,8.16,6.62,6.29,9.98,6.22,4.3,4.06,7.42,7.16,4.79,4.1,3.9,3.53,5.81,9.99,7.79,6.95,4.59,4.74,5.71,5.86,4.28,5.81,7.77,8.02,3.17,7.42,5.82,2.83,7.36,2.37,5,9.18,10.97,4.34,5.49,4.3,3.02,4.55,4.26,5.3,7.82,3.18,4.03,3.51
Sep-2018,3.88,6.13,5.56,6.77,7.13,3.04,6.08,10.82,5.54,4.41,4.09,6.5,7.91,5.38,4.37,4.05,3.25,5.8,11.44,6.91,6.53,4.56,4.63,5.83,6.1,4.3,5.7,6.93,6.93,3.59,7.31,5.6,2.83,7.46,2.16,4.98,9.81,11.12,4.59,6,4.32,3.21,4.57,4.3,4.96,7.41,3.21,3.82,3.69
Oct-2018,4,6.08,5.93,6.63,6.19,5.5,6.31,11.17,6.08,4.42,3.49,5.75,5.11,5.05,5.21,4.35,3.45,5.89,8.8,7.01,6.19,4.57,4.75,5.92,6,4.36,4.92,6.98,6.52,4.36,7.06,5.83,2.94,6.86,2.32,4.93,8.65,11.37,4.56,6.33,4.46,3.5,4.51,4.35,5.1,7.05,3.34,4.65,4.37
Nov-2018,4.52,6.12,4.57,6.78,7.09,5.16,6.45,11.72,6.04,4.74,3.62,5.07,6.04,5.82,6.34,4.53,3.67,10.66,9.33,9.06,5.9,4.9,5.32,6.34,6.23,4.46,4.71,8.92,7.59,4.32,7.27,6.21,3.92,6.59,2.68,4.91,8.47,10.57,5.36,5.11,4.9,3.87,4.86,4.72,4.72,6.45,4.09,5.86,3.86
Dec-2018,5.29,5.85,5.19,6.67,8.72,4.98,7.39,9.62,7.23,6.03,3.57,5.5,6.12,6.35,6.97,5.27,4.07,11.08,10.41,11.11,6.12,5.51,5.83,6.69,6.12,5.05,4.4,11.42,9,4.53,8.21,6.49,4.84,6.26,4.7,4.83,7.68,9.72,6.11,5.31,5.85,4.86,5.61,5.24,6.14,6.1,4.84,6.8,3.71
Jan-2019,4.79,6.1,4.97,6.57,9.12,5.75,7.22,9.46,7.62,5.36,3.58,5.32,5.92,4.93,7.49,5.26,5.13,11,9.67,11.1,5.88,5.51,6.21,7.05,6.14,5.75,4.37,11.49,9.33,4.76,9.15,6.99,4.47,6.21,3.8,4.67,9.08,9.7,6,5.28,5.92,3.92,5.57,4.8,5.88,5.18,4.07,5.74,4.14
Feb-2019,4.45,6.19,5.02,6.39,8.61,6.04,7.24,9.21,6.6,4.81,3.62,5.26,5.71,4.67,6.93,5.37,4.34,11.02,11.29,10.9,5.99,5.19,5.65,6.62,6.12,4.89,4.32,11.19,8.34,4.66,8.95,6.86,3.78,6.52,3.26,4.77,8.69,9.59,5.19,4.8,5.55,3.27,5.42,4.48,4.9,6.36,3.53,5.37,4.22
Mar-2019,4.25,6.11,4.82,6.34,9.01,5.73,7.54,9.1,6.48,4.51,3.64,5.97,5.73,4.86,6.25,3.89,3.63,10.89,9.83,10.67,5.82,4.59,4.95,6.61,5.91,4.21,4.65,9.34,7.85,4.08,8.28,5.79,3.38,6.26,2.87,4.62,8.82,9.62,5.02,5.29,5.27,3.05,5.54,4.43,4.98,6.49,3.53,5.58,3.83
Apr-2019,3.99,5.68,4.61,6.04,7.86,5.43,7.42,10.22,5.91,4.43,3.61,6.05,5.9,4.3,5.33,4.11,3.45,10.69,11.7,11.05,6.13,4.18,5.31,6.36,6.08,4.49,5.17,9.25,6.88,2.93,7.85,5.65,2.72,6.14,2.24,4.3,9.11,10.02,4.91,4.33,4.81,2.95,5.08,4.32,4.85,6.55,3.2,4.73,3.63
May-2019,3.71,5.66,3.32,5.98,6.81,5.69,7.34,12.5,5.63,4.06,3.62,4.35,6.21,4.13,4.63,3.95,3.23,6.95,9.78,9.79,6.41,4.21,3.84,5.83,5.68,3.95,5.58,8.03,6.49,2.13,7.34,5.56,2.36,6.33,2.19,4.94,9,10.17,4.25,4.66,4.37,2.85,4.43,4.03,4.51,6.66,2.91,4.36,3.85
Jun-2019,3.66,5.42,3.3,6.36,6.6,5.86,7.34,10.69,5.7,4.02,3.64,6.99,6.82,4.14,4.06,3.93,3.14,6.71,10.75,8.82,6.39,4.14,4.32,5.78,5.74,3.81,5.98,6.52,6.62,2.61,6.54,5.58,2.3,6.03,2.12,4.62,8.81,10.13,4.34,4.68,4.2,2.84,4.45,4.02,5.13,7.36,2.96,4.27,3.75
Jul-2019,3.49,5.47,5.11,6.68,6.96,5.81,6.66,8.19,5.88,3.86,3.63,9.52,7.11,3.79,3.41,3.63,3.12,5.74,8.39,8.39,6.89,3.63,4.09,5.57,5.64,4.03,6.4,6.47,7.09,3.2,6.69,5.48,2.19,5.92,2.27,4.19,8.79,10.44,4.12,4.97,3.97,2.61,4.55,3.83,4.67,7.11,2.61,3.94,3.36
Aug-2019,3.39,5.36,3.52,6.63,6.97,5.78,6.67,10.3,5.87,3.72,3.69,5.84,6.77,3.58,3.46,3.46,2.79,5.75,10.22,8.76,6.96,3.79,4.02,5.55,5.04,3.79,6.84,6.73,5.9,3.45,5.92,5.32,2.11,4.99,1.9,4.43,11.04,10.28,3.84,5.56,3.67,2.4,4.51,3.72,4.22,6.94,2.46,4.46,3.97
Sep-2019,3.63,6.05,3.73,6.11,6.78,5.73,6.14,9.14,6.48,3.74,3.59,5.68,6.1,4.02,3.51,3.27,2.65,5.68,10.79,7.67,6.79,3.69,3.96,5.35,5.54,3.69,6.72,6.47,6.06,3.62,6.14,5.19,2.07,5.35,1.99,4.48,9.73,9.7,5.17,6.4,3.74,2.55,4.48,3.82,4.48,6.82,2.49,4.61,4.13
Oct-2019,3.63,6,3.93,6.83,6.97,5.2,6.01,9.88,5.64,3.91,3.55,4.95,4.78,4.09,4.14,3.57,2.87,5.7,10.04,7.58,6.02,3.32,4.19,5.58,5.58,3.7,7.34,6.57,6.67,3.69,6.04,5.13,2.82,6.81,2.08,4.49,12.26,9.73,3.03,5.7,3.94,2.56,4.55,3.6,4.13,7.75,2.47,4.66,4.21
Nov-2019,3.96,5.98,3.58,5.63,7.16,4.31,5.88,10.6,5.79,4.05,3.48,4.05,5.12,4.12,4.38,4,3.07,8.51,8.83,8.95,5.81,4.79,4.47,5.83,5.82,3.82,7.9,8.36,7.88,3.96,7.06,5.16,2.96,6.35,2.52,4.86,5.68,9.34,5.2,4.2,4.6,2.78,4.92,3.99,4.36,7.56,3.09,5.2,3.87
Dec-2019,4.07,5.73,3.64,5.75,8.58,4.32,6.14,9.93,5.94,4.03,3.61,4.11,5.35,4.22,4.9,3.89,3.19,8.81,10.37,10.04,5.91,4.61,4.77,5.94,5.84,4.33,6.24,13.88,6.99,3.64,7.46,5.36,3.04,6.04,2.32,4.88,8.1,8.17,4.41,4.31,4.9,2.54,5.68,4.03,4.37,8.01,2.99,5.06,3.78
Jan-2020,3.89,5.17,3.5,6.96,8.92,3.99,6.07,9.74,5.78,4.11,3.69,4.37,5.06,4.8,4.84,3.83,3.08,8.79,10.35,10.3,5.58,4.35,4.17,6.44,5.73,4.56,6.44,9.81,4.99,3.75,7.86,5.44,2.17,5.57,2.01,4.88,8.02,8.14,4.2,4.17,4.79,2.32,5.46,3.56,4.14,7.97,2.91,4.66,3.96
Feb-2020,3.79,5.44,3.46,6.64,8.26,4.1,6.11,9.88,5.92,3.81,3.53,4.33,5.01,4.13,4.94,3.68,2.82,8.87,8.75,10.09,5.59,3.93,3.93,6.18,5.99,4.36,6.59,9.44,8.1,3.55,7.39,5.43,2.19,5.03,2.01,4.84,8.06,8.88,4.04,3.99,4.59,2.1,5.22,3.48,2.97,7.97,2.68,4.82,3.75
Mar-2020,3.61,5.63,3,6.36,7.68,4.28,6.16,10.45,5.34,3.63,3.67,4.19,5.1,4.17,4.55,3.38,2.55,8.72,9.33,10.14,5.67,3.99,4,6.02,5.72,3.92,6.77,8.41,7.99,3.02,7.65,5.3,1.91,5.55,1.82,4.75,7.93,9.15,3.76,3.93,4.48,2.04,5.99,3.49,3.53,7.96,2.52,4.95,4.02
Apr-2020,3.07,5,3.73,6.08,7.17,4.31,6.37,10.66,5.46,3.47,3.7,4.84,4.81,3.93,3.69,3.28,2.42,9.45,7.92,10.46,5.76,3.61,3.88,5.89,6.04,3.73,6.6,8.01,6.98,1.95,6.89,5.15,1.66,4.96,1.47,4.54,7.73,9.38,3.56,3.88,3.99,1.86,4.77,3.25,3.58,8.1,2.19,4.34,4.4
May-2020,3.11,4.27,3.76,5.57,6.61,4.47,5.44,11.77,4.91,3.35,3.67,4.46,5.95,4.12,3.07,3.44,2.2,5.64,8.06,9.68,6,3.95,3.77,5.2,6.13,3.27,6.69,6.47,7.32,4.51,6,4.98,1.93,5.26,2.01,4.64,7.69,9.5,3.47,4.38,3.72,1.99,4.54,3.42,4.03,8.01,2.33,3.72,4.36
Jun-2020,2.97,4.9,4.44,5.39,6.78,7.36,6.25,11.51,5.27,3.41,3.78,2.59,6.92,3.58,3.09,2.81,2.24,6.02,7.51,7.36,6.71,3.7,3.47,5.2,5.8,3.35,6.31,5.69,7.04,1.84,5.67,5.09,1.74,5.49,2.09,4.66,8.23,9.09,3.23,4.73,3.58,1.89,4.6,3.24,3.7,7.48,2.07,3.97,4.9
Jul-2020,2.87,5.43,4.05,5.61,6.69,6.6,5.79,11.81,5.66,2.85,3.6,3.24,6.73,3.63,2.81,2.7,2.34,4.59,6.9,7.48,6.19,3.56,3.55,5.02,6.77,3.38,6.08,6.26,8.23,2.39,5.82,4.94,1.66,5.07,1.89,4.42,8.12,9.17,3.45,5.34,3.45,1.74,4.78,3.12,3.56,7.59,1.73,2.77,4.39
Aug-2020,3.34,3.15,3.62,6.43,6.68,6.39,6.05,13.12,5.05,3.39,3.6,3.61,6.38,4.16,3.35,2.96,1.98,4.65,9.32,6.18,6.8,3.14,3.57,4.96,6.49,3.34,5.8,7.13,8,2.7,5.84,4.88,1.73,5.63,2.16,4.65,8.02,10.42,3.41,5.51,3.41,2.18,4.62,3.29,3.45,7.56,2.09,4.36,4.51
Sep-2020,3.57,2.91,4.49,6.29,6.91,5.81,6.5,11.78,5.1,4.32,3.59,4.04,5.93,4.9,3.34,3.52,2.47,5.95,10.56,7.19,5.88,3.76,4.22,5.2,5.97,3.53,5.8,7.32,9.72,2.4,7.13,4.96,2.05,5.75,2.8,4.93,8.67,10.06,4.15,5.66,3.9,2.64,4.76,3.68,3.9,7.21,2.16,3.84,4.33
Oct-2020,3.46,5.25,4.39,5.71,7.11,6.07,6.57,10.95,6.12,4.13,3.74,5.25,5.05,4.56,3.82,3.13,2.94,6.08,9.03,6.04,6.3,3.43,3.97,5.55,6.02,3.87,5.4,7.52,8.29,3.77,6.22,4.91,2.1,6.28,2.44,5.1,8.31,9.7,3.91,5.35,3.86,2.49,4.77,3.39,3.67,7.68,2.29,3.79,4.13
Nov-2020,4.1,5.38,4.73,6.56,7.86,5.13,7.2,10.68,5.83,4.77,3.71,4.89,5.91,5.65,4.44,4.13,2.83,9.56,8.84,8.25,6.31,4.68,4.88,5.71,6.24,3.71,4.99,9.01,8.5,3.79,6.85,5.28,2.93,7.96,3.5,4.54,7.83,9.29,4.74,4.99,4.55,3.12,5.16,3.91,3.86,7.58,2.54,4.98,4.61
Dec-2020,4.22,5.47,4.51,6.98,8.87,5.08,6.63,11.27,6.21,5.02,3.71,4.75,5.32,5.16,5.54,4.42,3.87,9.93,8.31,10.5,5.86,4.57,5.05,5.81,6.08,4.81,4.9,10.07,8.91,4.17,7.44,5.75,2.62,6.45,3.33,4.7,7.91,8.9,4.77,4.67,4.76,3.03,5.55,3.84,4.42,7.44,2.65,4.97,4.22
Jan-2021,4.08,4.6,4.76,6.86,10.27,5.15,6.75,10.94,6.12,4.21,3.68,5.02,5.18,4.47,5.45,4.14,3.56,9.17,6.81,10.52,5.93,4.21,4.8,6.14,5.85,4.54,4.77,9.61,8.81,4.88,7.84,5.96,3.23,5.73,3.03,4.86,8.2,9.23,4.42,3.95,4.52,2.76,5.2,4.05,4.16,8.19,2.75,5.29,6.94
Feb-2021,5.3,4.67,6.06,6.9,9.59,5.42,7.05,11.34,5.59,4.53,3.71,4.64,6.62,7.38,7.16,4.3,2.94,9.07,7.57,10.28,5.82,4.62,5.03,6.17,6.36,4.25,4.74,9.02,7.67,4.66,7.81,5.92,3.56,5.72,3.28,3.89,8.53,9.25,5.55,3.71,4.72,15.81,5.08,4.23,4.35,8.12,3.45,5.63,4.71
Mar-2021,3.97,4.23,5.92,6.53,9.82,5.46,6.95,10.11,5.87,4.58,3.75,7.05,5.7,6.37,6.85,4.58,3.56,9.06,10.14,10.29,6.33,5.56,4.9,6.53,6.51,4.59,4.75,8.72,8.99,4.69,8.26,6.18,3.62,6.25,3.86,4.74,8.19,9.34,4.61,4.64,4.78,3.06,5.15,4.3,4.49,9,3.27,5.78,4.97
Apr-2021,3.64,3.1,5.61,6.51,8.75,6.09,8.43,10.72,6.05,4.34,3.73,8.57,5.66,5.88,4.89,3.68,3.4,8.91,8.07,10.48,6.72,4.14,4.59,6.46,6.77,4.6,4.86,9.86,8.05,5.54,7.74,5.68,3.13,6.77,3.05,4.75,8.26,9.69,3.87,6.43,4.48,2.87,4.84,4.61,4.33,7.93,2.72,10.38,5.57
May-2021,3.8,3.18,5.45,6.29,8.12,6.87,5.51,12.97,5.78,4.45,3.75,7.81,6.49,5.97,4.52,3.92,3.13,6.8,9.8,9.69,6.9,5.05,4.73,6.26,7.09,4.12,5.19,9.66,7.69,5.29,7.88,5.5,3.32,7.15,3.44,4.8,8,9.96,4.43,6.15,4.51,3.31,4.73,4.81,4.12,7.73,2.8,9.88,5.78
Jun-2021,4.07,4.26,6.05,6.8,8.19,8.89,6.8,20.96,5.23,4.7,3.77,10.02,9.66,5.92,4.37,4.15,3.34,6.73,8.78,8.21,6.79,4.58,4.72,6.42,7.46,4.67,5.33,7.51,8.41,3.68,8.05,5.23,3.6,7.64,3.5,4.89,5.68,10.18,4.63,7.18,4.34,3.45,4.87,4.94,4.6,7.67,2.93,9.79,5.8
Jul-2021,4.5,4.79,6.33,7.34,8.74,9.21,7.38,15.89,5.79,5.08,3.73,9.37,8.89,6.29,4.51,4.61,3.4,6.83,8.6,8.53,7.18,5.33,4.9,6.4,8.13,4.89,5.96,7.84,8.24,5.03,7.87,5.78,4.61,8.26,4.32,5.16,8.24,10.11,6.42,8.37,5.13,4.05,5.28,5.25,4.83,7.6,3.41,6.97,5.86
Aug-2021,4.55,4.32,6.91,7.14,8.66,8.58,7.75,23.11,6.42,5.59,3.69,12.38,9.27,7.23,5.15,4.96,3.58,7.59,8.05,8.44,7.21,5.77,5.3,6.77,7.56,5.68,6.72,7.5,9.1,6.22,7.89,5.78,4.95,9.05,4.64,5.29,8.01,10.15,4.75,8.07,5.51,4.4,5.32,5.55,5.28,7.71,3.51,7.48,6.01
Sep-2021,5.53,4.11,7.17,7.15,9.01,8.81,7.9,12.75,6.83,6.03,3.71,11.3,8.79,7.34,5.61,5.37,4.25,7.7,9.48,8.93,7.46,6.02,6.28,5.42,7.94,5.97,6.88,7.43,9.65,6.52,8.39,5.87,5.66,10.75,4.97,5.26,9.29,9.92,5.99,7.93,5.97,4.81,5.39,5.39,5.5,7.81,3.91,7.26,6
Oct-2021,6.43,3.66,7.58,8.04,10.43,9.79,10.63,12.78,6.81,6.99,4.23,9.86,8.21,7.88,6.37,6.73,4.35,9.25,12.45,9.69,7.97,7.43,7.53,6.79,8.21,6.49,6.46,7.49,12.25,7.36,8.59,7.14,6.01,11.19,6.63,5.39,11.56,10.17,7.4,7.16,7.19,6.11,5.91,6.67,6.08,7.58,4.79,7.13,7.43
Nov-2021,6.67,5.74,7.92,10.23,11.46,8.27,8.16,11.49,7.28,7.51,4.26,8.74,8.08,8.75,7.54,7.4,6.27,11.98,10.5,10.84,7.56,6.13,7.37,7.82,8.81,7.26,6.46,9.95,13.18,9.09,10.24,7.54,7.64,10.88,7.63,5.8,9.04,10.13,7.73,7.55,7.43,6.2,6.67,6.63,6.93,8.56,5.89,8.11,5.64
Dec-2021,5.99,5.84,7.82,10.52,12.8,8.47,9.29,11.02,8.15,7.37,4.27,11.08,7.75,9.95,7.93,6.81,6.86,12.25,12.67,11.75,7.51,6.18,7.68,7.97,8.53,8.13,6.28,14.41,13.47,7.47,10.62,8.51,6.97,8.72,7.15,5.96,9.52,10.25,7.32,8.28,7.79,5.57,6.64,6.3,7.21,8.97,5.43,6.94,6.97
Jan-2022,5.38,6.92,9.39,10.59,14.32,6.8,8.78,10.53,7.99,6.55,4.24,7.92,7.71,8.42,7.82,5.64,6.2,12.26,10.22,12.82,7.21,7.84,6.27,8.86,8.22,7.14,6.92,13.41,11.15,8.59,10.69,8.27,6.5,7.81,8.01,4.54,10.35,10.44,7.1,8.37,6.19,4.9,8.14,5.56,5.88,9.05,4.31,7.67,7.58
Feb-2022,6.58,6.89,7.63,9.73,13.04,7,9.17,10.08,6.64,7.87,4.29,7.13,7.59,8.76,8.25,7.3,5.02,12.25,12,13.11,7.63,7.74,7.99,9.29,8.08,7.43,6.99,11.67,10.89,8.22,10.2,8.66,6.06,8.68,8.88,4.43,10.28,10.52,7.69,8.5,7.15,6.34,7.28,6.32,6.25,9.96,6.35,8.61,7.53
Mar-2022,5.71,6.89,7.34,10.36,12.93,7.31,8.73,11,8.2,6.7,4.44,7.73,7.87,9.42,6.7,5.98,6.97,12.34,10.46,13.57,7.99,6.93,6.23,9.38,8.13,7.27,7.22,11.62,10.92,7.61,10.16,8.28,5.09,8.85,6.06,4.35,10.39,10.45,7.19,7.71,6.31,4.7,7.03,5.71,6.22,9.44,4.69,6.27,7.59
Apr-2022,6.95,6.69,6.59,10.02,11.7,8.3,9.34,11.63,7.61,7.11,4.36,7.59,8.78,8.58,6.26,6.3,5.44,12.28,11.29,14.79,8.03,7.22,7.07,9.17,7.98,6.2,8.05,13.13,9.86,6.99,10.05,7.82,5.42,11.23,5.79,6.1,9.88,10.87,7.01,5.6,6.81,5.78,7.1,5.97,6.59,9.61,4.82,8.05,8.16
May-2022,8.63,6.75,6.87,9.86,12.27,10.08,10.47,13.35,8.87,8.62,4.44,8.95,8.65,8.92,7.47,8.15,6.09,10.76,12.23,14.92,10.06,9.13,9.04,10.11,8.58,6.67,8.58,13.41,12.43,7.88,10.59,7.89,7.27,12.34,7.58,6.36,10.27,10.97,8.36,6.5,8.32,7.57,7.4,6.73,9.12,8.95,6.44,10.07,8.33
Jun-2022,9.31,6.77,7.2,9.93,14.2,11.19,10.92,14.93,9.37,10.55,4.39,13.32,7.73,9.19,8.85,9.64,8.05,12.62,11.87,14.24,9.87,11.8,9.91,10.68,9.56,8.88,8.84,10.62,13.82,10.88,11.71,9.36,8.35,14.05,9.49,6.54,10.94,10.92,10.42,5.21,10.05,8.96,7.97,7.31,10.29,8.44,7.87,8.18,8.31
Jul-2022,9.67,6.66,7.66,10.77,13.37,13.65,10.34,15.2,13.04,9.53,4.53,14.64,8.03,7.85,8.5,7.84,9.1,11.56,15.44,15.35,10.08,8.83,8.32,11.1,10.75,10.46,8.99,11.54,12.66,11.43,10.86,9.12,6.63,11.46,7.28,6.52,12.05,11.22,9.04,10.48,8.63,6.87,7.27,6.64,9.02,9.26,6.22,6.54,9.83
Aug-2022,12.02,6.54,7.85,10.61,14.36,13.84,11.25,12.03,10.76,12.87,5.97,15.97,7.5,8.19,8.5,10.07,7.06,11.81,15.26,14.34,9.65,10.49,10.97,10.57,11.18,8.37,9.43,12.52,12.32,10.32,11.46,10.52,8.44,13.08,8.41,7.23,12.49,11.42,12.22,10.39,9.78,8.62,8.27,7.21,8.32,8.96,7.74,12.29,11.1
Sep-2022,10.14,5.97,7.98,10.43,14.61,14.23,12.28,13.75,11.82,12.35,6,15,8.61,9.53,9.67,10.68,9.58,14.1,14.87,13.35,10.3,10.58,10.43,11.35,10.63,10.22,9.64,15.97,13.44,11.06,11.76,9.6,8.33,13.54,9.29,7.33,12.49,10.72,12.32,11.12,10.53,8.87,8.69,6.92,9.39,9.14,7.63,11.44,10.98
Oct-2022,7.36,6.52,8.32,10.09,13.28,14.56,11.42,12.58,11.87,9.52,5.88,13.69,9.74,8.19,9.06,8.39,10.48,12.31,12.46,14.85,10.92,7.71,8.46,10.69,11.21,9.86,9.63,16.36,12.55,11,11.68,10.44,5.47,12.59,5.78,6.29,12.86,10.36,8.84,8.96,8.3,5.57,7.71,7.39,6.93,9.06,4.99,7,10.72
Nov-2022,6.6,6.79,6.54,11.3,13.61,12.66,11.17,14.72,9.51,8.03,5.75,12.45,8.65,7.8,8.48,7.37,7.48,15.35,12.86,16.19,10.21,7.45,7.38,9.68,10.74,7.77,8.91,16.1,12.16,10.61,11.55,10.67,5.76,11.65,4.96,8.16,13.14,11.32,7.51,6.68,7.31,4.82,8.18,7.01,7.08,10.28,4.75,9.75,10.8
Dec-2022,7.65,6.74,6.92,11.5,16.96,10.03,11.87,14.51,9.01,9.35,6.28,9.94,10.3,9.25,9.92,8.58,5.19,15.41,15.23,17.52,10.22,9.17,8.49,10.08,9.65,7.81,8.01,15.2,12.28,8.64,12.56,10.23,8.04,11.7,7.3,8.62,12.94,12.75,9.37,6.6,8.15,6.27,10.65,8.19,7.4,11.2,7.21,10.63,10.95
Jan-2023,6.24,6.78,7.84,12.34,22.74,11.58,11.53,11.99,10.94,7.62,6.24,9.62,8.2,11.21,12.22,7.69,5.84,14.76,16.6,16.45,9.68,9.95,9.58,11.11,9.51,9.92,12.02,16.96,12.63,11.68,12.95,10.61,7.05,9.06,7.32,8.57,13.31,13,8.15,8.95,7.83,4.07,12.8,7.32,8.65,11.44,6.64,10.06,7.25
Feb-2023,5.09,6.65,7.49,11.91,23.2,7.71,11.19,13.95,8.5,6.43,7.36,8.02,8.55,10.11,11.35,5.67,4.49,14.68,16.95,16.3,9.3,9.1,5.47,11.03,9.47,9.37,8.87,16.46,9.93,15.03,12.84,8.18,5.71,8.38,4.45,5.96,13.55,12.82,4.76,8.83,7.01,2.6,10.56,6.83,6.18,11.3,5.39,9.91,7.2
Mar-2023,4.25,6.53,6.45,12.08,16.87,7.11,10.74,14.33,8.42,5.39,7.31,6.54,7.06,7.88,7.45,4.74,3.51,13.51,14.58,14.88,8.44,6.74,5.13,11.08,8.42,7.74,8.5,11.41,8.74,8.11,11.6,6.76,4.09,7.54,3.16,8.27,12.67,12.6,4.87,7.29,6.23,2.24,11.49,6.56,5.85,11.23,4.84,8.81,7.19
Apr-2023,3.96,6.02,6.09,8.86,12.26,7.2,9.02,14.53,6.13,4.83,7.33,6.66,6.18,6.38,5.21,3.88,3,11.55,10.15,14.72,8.5,6.22,4.75,9.62,8.2,5.33,10.39,15.05,7.46,4.98,9.86,6.5,2.33,6.38,2.39,8.23,11.86,12.87,4.23,5.32,4.99,1.89,9.78,5.07,5.84,12.12,4.37,4.82,6.83
May-2023,3.81,6.4,6.49,8.6,9.8,8.34,7.95,14.53,5.51,4.5,7.58,6.84,6.47,6.13,4.79,3.34,3.07,7.01,9.93,11.83,8.24,5.45,4.72,8.62,7.07,4.17,12.06,6.81,7.15,1.94,8.39,5.7,1.91,7.42,2.18,8.27,10.66,12.77,4.3,5.36,4.54,1.9,8.75,4.93,4.56,11.29,4.12,4.34,6.9
Jun-2023,3.94,6.15,6.58,7.88,9.79,9.84,9.12,23.24,5.82,4.52,7.5,8.66,6.51,6.18,5.37,3.25,2.8,6.57,11.14,9.25,8.33,3.37,4.64,7.92,7.06,4.25,12.14,8.86,6.74,1.94,8.18,5.71,2.01,6.97,2.09,8.22,9.23,12.89,4.22,5.27,4.36,2.13,8.89,4.94,3.42,11.45,0.93,5.57,6.84
Jul-2023,4.54,6.18,6.82,8.38,10.18,9.44,6.86,21.18,6.37,5.94,7.38,7.7,6.9,6.47,5.34,3.74,3.76,5.53,12.85,8.87,8.17,3.87,6.3,7.71,7.45,4.34,12.7,16.24,7.17,1.88,7.13,5.55,2.26,7.03,2.76,8.28,10.49,13.12,4.99,5.9,4.82,2.51,9.4,5.21,4.39,11.11,4.43,4.78,5.95
Aug-2023,4.32,6.4,5.51,7.95,11.39,10.59,6.49,22.72,6.52,4.69,7.3,8.47,6.34,6.26,4.93,3.61,3.77,5.99,13.02,10.87,8.08,4.9,5.12,7.94,6.3,4.72,14.03,15.59,6.79,2.15,6.74,5.65,2.25,6.62,2.55,8.31,10.7,14.52,4.82,6,4.74,2.46,9.64,5.49,3.82,11.2,4.42,5.08,6.01
Sep-2023,4.41,6.33,7.57,7.43,11.06,8.81,7.93,23.1,6.09,4.67,7.35,9.78,5.96,5.29,4.86,3.73,3.92,6.02,12.22,8.37,8.26,5.03,4.87,8.08,7.41,4.76,13.94,13.08,6.88,2.5,7.66,5.71,2.82,6.94,2.61,8.21,10.41,13.12,4.82,5.35,4.79,2.42,9.39,6.6,3.7,10.91,5.05,5.83,5.89
Oct-2023,4.5,6.5,7.26,7.61,10.36,9.21,7.45,15.72,6.75,5.04,5.2,6.95,7.45,4.99,5.1,3.96,3.99,6.28,9.4,8.06,7.91,4.57,4.89,8.42,7.28,4.64,14.33,11.7,7.48,5.9,8.85,5.76,2.81,7.72,2.78,8.4,9.84,13.27,5.09,4.76,4.86,2.46,8.86,4.61,4.73,11.76,5.08,4.28,4.73
Nov-2023,4.67,6.92,6.78,8.55,13.32,7.51,7.06,14.24,6.04,5.25,5.32,5.76,4.59,5.67,4.92,4.61,4.14,11.02,9.84,10.62,7.58,4.74,5.16,8.6,6.39,4.74,13.53,14.2,8.28,6.24,9.09,6.03,2.84,8.44,3.49,7.83,9.67,12.37,5.6,3.97,5.54,2.58,9.45,5.01,4.23,11.19,4.76,5.1,4.6
Dec-2023,4.52,6.71,7.74,8.94,13.77,6.98,7.19,10.9,8.75,4.95,5.39,6.33,5.11,5.98,5.88,4.33,3.89,11.34,11.87,15.67,7.27,5.25,5.32,8.93,6.84,5.55,12.93,12.16,8.53,6.86,11.11,6.29,2.88,7.73,3.53,7.48,9.93,11.1,5.75,4.4,5.4,2.4,9.97,5.02,4.23,11.29,5.65,5.99,4.6
Jan-2024,5.53,6.96,7.42,9.39,13.29,6.35,8.07,10.18,3.14,5.49,5.51,4.96,4.84,5.74,6.89,4.25,3.9,10.9,11.8,14.38,7.23,5.6,5.34,8.79,6.8,5.52,12.89,11.92,8.75,7.67,11.78,6.62,3.68,7.29,4.26,7.55,9.46,11.47,5.91,5.19,5.68,3.14,8.94,5.06,4.93,11.36,4.91,6.27,4.52
Feb-2024,4.37,6.77,7.49,9.12,14.35,9.34,6.77,9.99,5.18,4.89,5.5,7.94,4.94,7.02,8.84,4.17,4.08,10.84,14.21,15.43,7.58,5.6,5.11,9.2,6.64,5.09,12.77,10.69,7.38,6.74,12.78,6.15,3.38,7.12,4.74,7.55,9.09,10.97,5.2,5.45,5.68,2.53,9.65,4.97,4.22,11.59,4.79,6.95,4.52
Mar-2024,3.21,6.82,6.21,9.06,13.19,6.98,6.96,10.86,5.27,4.01,5.45,6.69,4.17,6.02,5.72,3.09,2.83,9.45,12.73,14.57,7.57,4.09,3.64,9.06,6.45,5.14,13.56,10.62,8.01,3.09,11.65,5.75,1.81,7.09,2.37,7.42,9.21,11.41,4.37,5.3,4.37,1.67,8.27,4.51,4.75,12.16,3.8,5.83,4.46
Apr-2024,3.19,5.85,4.98,7.15,10.63,7.1,7.22,11.74,4.5,3.84,5.52,6.76,3.73,5.81,3.68,2.71,2.69,12.65,10.79,15.22,7.54,3.85,3.56,7.94,6.03,3.98,12.6,9.95,6.39,4.42,11.43,5.32,1.57,6.22,2.03,6.03,9.13,12.19,4.04,4.41,4.04,1.65,10.87,4.31,4.37,11.05,3.52,5.78,4.71
May-2024,3.58,5.31,4.62,5.72,9.11,7.36,7.01,13.09,3.9,3.8,5.42,7.38,4.4,4.95,3.23,2.73,2.64,7.5,10.91,13.58,8.23,3.59,3.84,7.21,6.11,3.2,11.77,8.39,6.33,2.8,10.08,4.94,1.47,7.26,1.88,7.1,8.83,12.02,4.03,4.42,3.73,1.83,8.25,4.04,4.36,11.87,3.66,4.17,4.69
Jun-2024,4.8,5.62,5.04,5.92,9.07,8.87,5.7,17.71,3.28,4.9,5.38,7.98,5.44,4.92,3.52,3.25,3.43,6.15,12.08,9.73,8.47,3.73,4.23,6.39,6.01,3.2,12.23,6.16,6.83,2.8,9.95,5.53,1.82,6.73,2.33,7.18,9.81,12.72,6.22,3.96,4.55,2.56,8.39,4.28,3.89,12.29,3.82,5.7,3.21
Jul-2024,4.19,5.74,5.3,6.35,9.87,9.35,5.75,17.85,4.53,4.91,5.4,8.1,5.64,5.95,3.8,3.48,3.55,6.01,10.72,9.66,8.4,4.27,4.58,6.78,6.54,3.93,10.94,5.69,7.3,1.85,11.73,5.08,2.1,7.84,2.7,7.3,9.54,12.26,4.98,5.11,4.85,2.54,7.95,4.26,4.28,12.82,3.9,4.69,3.44
Aug-2024,3.6,5.65,4.67,6.23,10.46,9.78,6.18,21.44,6.43,4.31,5.32,9.34,6.03,4.97,3.39,2.93,2.83,4.86,10.53,9.23,7.97,3.76,3.76,8.14,6.2,4.21,8.19,6.49,7.11,3.1,6.97,4.92,1.7,8.34,2.11,7.28,9.77,12.72,4.24,4.64,4.85,1.91,5.59,3.95,4.11,12.92,3.51,3.44,3.64
Sep-2024,3.85,5.81,4.69,5.99,10.5,8.64,6.33,21.44,5.81,4.51,5.28,9.55,6.23,4.62,3.09,2.9,3.17,5.09,8.99,8.96,8.1,4.09,3.9,6.76,6.12,3.74,8.42,4.7,6.27,2.99,7.01,5.06,1.64,9.01,2.13,7.35,10,12.72,4.5,5.09,3.9,2.11,5.53,5.43,4.1,12.87,3.57,3.67,3.57
Oct-2024,4.08,6.38,5.16,6.29,10.71,8.03,6.84,12.31,4.83,5.1,4.23,7.21,5.17,4.77,4.12,3.55,3.7,5.22,10.71,8.45,7.38,4.81,4.45,7.15,5.93,3.72,7.78,4.27,7.13,2.81,8.29,5.02,2.11,7.96,3.74,7.2,9.89,12.72,4.71,4.38,4.56,2.53,5.59,4.08,4.22,13.34,3.97,4.28,3.14
Nov-2024,4.08,7,4.28,7.91,11.31,6.91,6.57,9.88,6.19,5.26,4.16,6.29,5.3,5.28,5.62,3.65,3.39,9.69,12.63,12.3,7.32,5.22,4.48,7.32,5.94,4.16,6.88,6.47,9.28,4.68,8.85,5.47,2.23,8.94,3.51,7.2,9.47,12.72,5.07,3.98,4.8,2.22,6.06,4.27,4.24,12.94,3.12,5.93,2.9
Dec-2024,5.03,6.9,5.15,8.88,12.66,6.38,7.28,11.08,4.64,6,4.12,5.13,5.29,6.49,5.62,5.03,4.35,9.3,11.53,16.17,7.43,6.53,6.09,7.34,5.85,5.02,6.86,10.45,9.58,4.47,11.73,5.12,3.64,8.64,4.8,7.07,9.51,12.72,5.8,4.9,6.11,3.57,6.46,4.9,4.44,13.69,4.34,7.09,2.83
